t,base_x,base_y,base_yaw,openrave_model_yaw,actual_ee_x,actual_ee_y,actual_ee_z,target_ee_x,target_ee_y,target_ee_z,error_m
0.0,-0.55,-0.4,1.5707963267948966,-1.5707963267948966,-0.6000000003246801,-0.14999999881418352,0.5600000004885535,-0.6,-0.15,0.56,1.3229748165169856e-09
0.1,-0.55,-0.4,1.5707963267948966,-1.5707963267948966,-0.5999998854323969,-0.14037073054043617,0.559999978223581,-0.6,-0.14037025535606729,0.56,4.89285328338056e-07
0.2,-0.5500000000000002,-0.4,1.5707963267948966,-1.5707963267948966,-0.5999998912115949,-0.13074098433934986,0.5599999933826898,-0.6,-0.13074051071213458,0.56,4.860056017428002e-07
0.30000000000000004,-0.55,-0.4,1.5707963267948966,-1.5707963267948966,-0.5999998958668197,-0.12111124170975893,0.5600000070023083,-0.6,-0.12111076606820184,0.56,4.869575365339439e-07
0.4,-0.55,-0.4,1.5707963267948966,-1.5707963267948966,-0.5999998995531965,-0.11148150241962071,0.5600000193757224,-0.6,-0.11148102142426913,0.56,4.917535024523648e-07
0.5,-0.55,-0.4000000000000001,1.5707963267948966,-1.5707963267948966,-0.5999999023940892,-0.1018517663346247,0.5600000307718855,-0.6,-0.10185127678033642,0.56,5.001372051015676e-07
0.6000000000000001,-0.55,-0.4,1.5707963267948966,-1.5707963267948966,-0.5999999044772357,-0.09222203344740225,0.5600000414340842,-0.6,-0.09222153213640369,0.56,5.120098623060468e-07
0.7000000000000001,-0.55,-0.4,1.5707963267948966,-1.5707963267948966,-0.5999999058607858,-0.08259230387338501,0.560000051588314,-0.6,-0.08259178749247098,0.56,5.274208890061667e-07
0.8,-0.55,-0.39999999999999997,1.5707963267948966,-1.5707963267948966,-0.5999999065763078,-0.07296257785898576,0.560000061451227,-0.6,-0.07296204284853827,0.56,5.465715126932617e-07
0.9,-0.55,-0.4,1.5707963267948966,-1.5707963267948966,-0.599999906630301,-0.06333285579814266,0.5600000712401579,-0.6,-0.06333229820460556,0.56,5.698277050031122e-07
1.0,-0.55,-0.4,1.5707963267948966,-1.5707963267948966,-0.5999999060033382,-0.05370313826397885,0.5600000811836854,-0.6,-0.05370255356067284,0.56,5.977492109976136e-07
1.1,-0.55,-0.4,1.5707963267948966,-1.5707963267948966,-0.5999999046463721,-0.0440734260635131,0.560000091535586,-0.6,-0.04407280891674013,0.56,6.311427867306648e-07
1.2000000000000002,-0.55,-0.4,1.5707963267948966,-1.5707963267948966,-0.5999999024753602,-0.03444372030906311,0.5600001025934055,-0.6,-0.0344430642728074,0.56,6.711333928676758e-07
1.3,-0.55,-0.4,1.5707963267948966,-1.5707963267948966,-0.5999998993587383,-0.02481402255479555,0.5600001147256534,-0.6,-0.024813319628874706,0.56,7.19302084851496e-07
1.4000000000000001,-0.55,-0.4,1.5707963267948966,-1.5707963267948966,-0.5999998950994095,-0.015184334992857255,0.5600001284123534,-0.6,-0.015183574984941967,0.56,7.778855299189863e-07
1.5,-0.55,-0.4,1.5707963267948966,-1.5707963267948966,-0.5999998894036156,-0.005554660784129119,0.5600001443105502,-0.6,-0.005553830341009258,0.56,8.501134456381046e-07
1.6,-0.55,-0.4,1.5707963267948966,-1.5707963267948966,-0.5999998818271878,0.004074995373923616,0.5600001633641167,-0.6,0.00407591430292345,0.56,9.407885814032735e-07
1.7000000000000002,-0.55,-0.4,1.5707963267948966,-1.5707963267948966,-0.5999998716815594,0.013704626250686965,0.5600001869975704,-0.6000000000000001,0.013705658946856186,0.56,1.0573055809175285e-06
1.8,-0.55,-0.4,1.5707963267948966,-1.5707963267948966,-0.5999998578584725,0.023334220202029948,0.5600002174782158,-0.6,0.023335403590788867,0.56,1.2115733336834437e-06
1.9000000000000001,-0.55,-0.4,1.5707963267948966,-1.5707963267948966,-0.5999998384900831,0.0329637574719939,0.5600002586291,-0.6,0.03296514823472162,0.56,1.4237961333648648e-06
2.0,-0.55,-0.4,1.5707963267948966,-1.5707963267948966,-0.5999998102721857,0.042593202582585546,0.5600003172928638,-0.6,0.042594892878654325,0.56,1.7302520640124098e-06
2.1,-0.55,-0.4,1.5707963267948966,-1.5707963267948966,-0.5999997672555136,0.0522224896647724,0.5600004061668341,-0.6,0.052224637522587075,0.56,2.198279937831085e-06
2.2,-0.55,-0.4,1.5707963267948966,-1.5707963267948966,-0.5999997006102424,0.0618515116482331,0.5600005458897177,-0.6000000000000001,0.06185438216651977,0.56,2.9372614873289655e-06
2.3000000000000003,-0.55,-0.4,1.5707963267948966,-1.5707963267948966,-0.5999996170757224,0.07148029103465739,0.5600007321589447,-0.6,0.0714841268104525,0.56,3.923756321828128e-06
2.4000000000000004,-0.55,-0.4,1.5707963267948966,-1.5707963267948966,-0.5999995916859899,0.08110959066211296,0.560000818116665,-0.6,0.08111387145438526,0.56,4.3773528172713555e-06
2.5,-0.55,-0.4,1.5707963267948966,-1.5707963267948966,-0.5999996510782138,0.09073982881774054,0.5600007232424538,-0.6,0.09074361609831795,0.56,3.87147520097068e-06
2.6,-0.545,-0.4,1.5707963267948966,-1.5707963267948966,-0.5999996524684197,0.1003700944175574,0.5600006224607255,-0.6,0.10037336074225062,0.56,3.3432188913537125e-06
2.7,-0.54,-0.4,1.5707963267948966,-1.5707963267948966,-0.5999996765995187,0.11000032061967395,0.5600005302057857,-0.6,0.11000310538618335,0.56,2.853179026679233e-06
2.8000000000000003,-0.535,-0.4,1.5707963267948966,-1.5707963267948966,-0.599999684153125,0.11963034151544887,0.5600004774539468,-0.5999999999999999,0.11963285003011609,0.56,2.573007453404924e-06
2.9000000000000004,-0.53,-0.4,1.5707963267948966,-1.5707963267948966,-0.5999996781793676,0.129260217400547,0.5600004526932052,-0.6,0.12926259467404883,0.56,2.441296573524673e-06
3.0,-0.525,-0.4,1.5707963267948966,-1.5707963267948966,-0.5999996595234691,0.13888998009815903,0.5600004498838076,-0.6,0.13889233931798148,0.56,2.4257448091197443e-06
3.1,-0.52,-0.4,1.5707963267948966,-1.5707963267948966,-0.5999996261526742,0.1485196343162782,0.5600004682405836,-0.6,0.14852208396191421,0.56,2.521859395176478e-06
3.2,-0.515,-0.4,1.5707963267948966,-1.5707963267948966,-0.5918481468999132,0.14999975194849371,0.5600000478110478,-0.591848171394153,0.15,0.56,2.538019185199838e-07
3.3000000000000003,-0.51,-0.4,1.5707963267948966,-1.5707963267948966,-0.5822184623065972,0.1500001528332851,0.5599999713968654,-0.5822184267502204,0.15,0.56,1.5950049618454102e-07
3.4000000000000004,-0.505,-0.4,1.5707963267948966,-1.5707963267948966,-0.5725887151865665,0.15000014325462474,0.5599999732860578,-0.5725886821062877,0.15,0.56,1.4943168028243714e-07
3.5,-0.5,-0.4,1.5707963267948966,-1.5707963267948966,-0.5629589682230275,0.15000013362650105,0.55999997517647,-0.5629589374623548,0.14999999999999997,0.56,1.393501647584503e-07
3.6,-0.49500000000000005,-0.4,1.5707963267948966,-1.5707963267948966,-0.5533292214304758,0.1500001240721773,0.5599999770468584,-0.5533291928184223,0.15,0.56,1.2938083899057158e-07
3.7,-0.49000000000000005,-0.4,1.5707963267948966,-1.5707963267948966,-0.543699474805764,0.15000011458100432,0.5599999788997291,-0.5436994481744895,0.15,0.56,1.195125632287169e-07
3.8000000000000003,-0.48500000000000004,-0.4,1.5707963267948966,-1.5707963267948966,-0.5359010698689125,0.14794788422020028,0.559999895543186,-0.5359010087117888,0.14794733224933193,0.56,5.650869484339592e-07
3.9000000000000004,-0.48000000000000004,-0.4,1.5707963267948966,-1.5707963267948966,-0.5348070930735301,0.13838207194230456,0.5599995954193949,-0.5348068902980734,0.13837994562580092,0.56,2.1739423234288845e-06
4.0,-0.47500000000000003,-0.4,1.5707963267948966,-1.5707963267948966,-0.5300743089104781,0.1310573064373535,0.5599996810593809,-0.530074139168463,0.13105562790656272,0.56,1.7169743987075617e-06
4.1000000000000005,-0.47000000000000003,-0.4,1.5707963267948966,-1.5707963267948966,-0.5220182585783345,0.1257812667066921,0.5599997537447257,-0.5220181234762993,0.12577996746686765,0.56,1.32925480684534e-06
4.2,-0.465,-0.4,1.5707963267948966,-1.5707963267948966,-0.5139622380372801,0.1205056364629016,0.5599997480671193,-0.5139621077841358,0.12050430702717255,0.56,1.3593511009800905e-06
4.3,-0.4600000000000001,-0.4,1.5707963267948966,-1.5707963267948966,-0.5059062185936152,0.11523002401562688,0.5599997389612654,-0.505906092091972,0.11522864658747747,0.56,1.407640647843991e-06
4.4,-0.45500000000000007,-0.4,1.5707963267948966,-1.5707963267948966,-0.49785020006223923,0.10995443042721567,0.5599997262271824,-0.4978500763998084,0.10995298614778237,0.56,1.4751905076743603e-06
4.5,-0.45000000000000007,-0.4,1.5707963267948966,-1.5707963267948966,-0.48979418219301873,0.10467885588589493,0.5599997098356029,-0.48979406070764475,0.10467732570808728,0.56,1.5621773895701636e-06
4.6000000000000005,-0.44500000000000006,-0.4,1.5707963267948966,-1.5707963267948966,-0.48173816451706264,0.09940329691720681,0.5599996904597552,-0.481738045015481,0.09940166526839218,0.56,1.6650446376877996e-06
4.7,-0.44000000000000006,-0.4,1.5707963267948966,-1.5707963267948966,-0.47368214615492643,0.09412774144656362,0.5599996704216772,-0.4736820293233173,0.09412600482869707,0.56,1.7714720179020445e-06
4.800000000000001,-0.43500000000000005,-0.4,1.5707963267948966,-1.5707963267948966,-0.46562612573311024,0.08885216347713076,0.5599996547090105,-0.46562601363115375,0.08885034438900197,0.56,1.85495938943711e-06
4.9,-0.43000000000000005,-0.4,1.5707963267948966,-1.5707963267948966,-0.4575701018790674,0.0835765270013969,0.5599996502225008,-0.45756999793899006,0.08357468394930688,0.56,1.8788264542513493e-06
5.0,-0.42500000000000004,-0.4,1.5707963267948966,-1.5707963267948966,-0.44951407441270586,0.0783008086368269,0.5599996614397015,-0.44951398224682637,0.07829902350961178,0.56,1.8192846943963956e-06
5.1000000000000005,-0.42000000000000004,-0.405,1.5707963267948966,-1.5707963267948966,-0.4414579847144574,0.07302349408063533,0.5599999757683114,-0.44145796655466274,0.0730233630699167,0.56,1.344647212879445e-07
5.2,-0.41500000000000004,-0.41000000000000003,1.5707963267948966,-1.5707963267948966,-0.43340196799164954,0.06774782639572098,0.5599999771579525,-0.4334019508624991,0.06774770263022166,0.56,1.2701600589973515e-07
5.300000000000001,-0.41000000000000003,-0.41500000000000004,1.5707963267948966,-1.5707963267948966,-0.4253459513784835,0.06247215950386411,0.5599999784022472,-0.4253459351703355,0.06247204219052657,0.56,1.2038100412275007e-07
5.4,-0.405,-0.42000000000000004,1.5707963267948966,-1.5707963267948966,-0.41728993484516586,0.05719649262870194,0.5599999796420724,-0.4172899194781718,0.057196381750831464,0.56,1.1377386293463358e-07
5.5,-0.4,-0.42500000000000004,1.5707963267948966,-1.5707963267948966,-0.4092339183915891,0.051920825774063074,0.5599999808768208,-0.4092339037860081,0.0519207213111364,0.56,1.0719851693009002e-07
5.6000000000000005,-0.395,-0.43000000000000005,1.5707963267948966,-1.5707963267948966,-0.4011779020175445,0.04664515894305918,0.5599999821060494,-0.4011778880938444,0.04664506087144129,0.56,1.0065835846760515e-07
5.7,-0.39,-0.43500000000000005,1.5707963267948966,-1.5707963267948966,-0.3931218857227496,0.04136949213793663,0.5599999833294654,-0.3931218724016807,0.04136940043174617,0.56,9.415616267088074e-08
5.800000000000001,-0.385,-0.44000000000000006,1.5707963267948966,-1.5707963267948966,-0.3850658695068729,0.036093825360005605,0.5599999845469452,-0.3850658567095171,0.036093739992051066,0.56,8.769410972808419e-08
5.9,-0.38000000000000006,-0.445,1.5707963267948966,-1.5707963267948966,-0.3770098533695697,0.03081815860976341,0.559999985758554,-0.37700984101735346,0.03081807955235602,0.56,8.127404071745341e-08
6.0,-0.37500000000000006,-0.45,1.5707963267948966,-1.5707963267948966,-0.3689538373104915,0.025542491886966445,0.5599999869644651,-0.3689538253251899,0.025542419112660947,0.56,7.489774474037351e-08
6.1000000000000005,-0.37000000000000005,-0.455,1.5707963267948966,-1.5707963267948966,-0.3608978213293196,0.020266825190730704,0.559999988164994,-0.3608978096330262,0.02026675867296587,0.56,6.856736604552799e-08
6.2,-0.36500000000000005,-0.46,1.5707963267948966,-1.5707963267948966,-0.35284180542578003,0.014991158519535981,0.5599999893605706,-0.35284179394086246,0.01499109823327074,0.56,6.228590986142219e-08
6.300000000000001,-0.36000000000000004,-0.465,1.5707963267948966,-1.5707963267948966,-0.34478578959965944,0.009715491871337738,0.5599999905517267,-0.34478577824869894,0.009715437793575686,0.56,5.605817088381227e-08
6.4,-0.35500000000000004,-0.47000000000000003,1.5707963267948966,-1.5707963267948966,-0.3367297738508184,0.004439825243605755,0.5599999917390887,-0.33672976255653525,0.004439777353880592,0.56,4.989217639841284e-08
6.5,-0.35000000000000003,-0.47500000000000003,1.5707963267948966,-1.5707963267948966,-0.32867375817920863,-0.000835841366594807,0.5599999929233601,-0.32867374686437156,-0.0008358830858145126,0.56,4.380179977527783e-08
6.6000000000000005,-0.34500000000000003,-0.48000000000000004,1.5707963267948966,-1.5707963267948966,-0.3206177425848803,-0.0061115079625962965,0.5599999941053204,-0.32061773117220793,-0.006111543525509591,0.56,3.781160060680542e-08
6.7,-0.34,-0.48500000000000004,1.5707963267948966,-1.5707963267948966,-0.3125617270679912,-0.01138717454804191,0.5599999952858149,-0.31256171548004424,-0.011387203965204708,0.56,3.196675652773334e-08
6.800000000000001,-0.335,-0.49000000000000005,1.5707963267948966,-1.5707963267948966,-0.30450571162881407,-0.016662841126854965,0.5599999964657373,-0.30450569978788056,-0.016662864404899818,0.56,2.6354621832406235e-08
6.9,-0.33,-0.49500000000000005,1.5707963267948966,-1.5707963267948966,-0.2964496962677467,-0.02193850770319794,0.5599999976460359,-0.29644968409571687,-0.021938524844594933,0.56,2.1154832737658662e-08
7.0,-0.325,-0.5,1.5707963267948966,-1.5707963267948966,-0.2883936809853101,-0.02721417428143172,0.5599999988276964,-0.2883936684035532,-0.027214185284290003,0.56,1.6755231822609653e-08
7.1000000000000005,-0.32000000000000006,-0.505,1.5707963267948966,-1.5707963267948966,-0.2803376657821561,-0.03248984086606918,0.560000000011736,-0.28033765271138966,-0.03248984572398495,0.56,1.3944332827760468e-08
7.2,-0.31500000000000006,-0.51,1.5707963267948966,-1.5707963267948966,-0.2722816506590699,-0.03776550746175437,0.5600000011992019,-0.27228163701922603,-0.03776550616368006,0.56,1.375385119367791e-08
7.300000000000001,-0.31000000000000005,-0.515,1.5707963267948966,-1.5707963267948966,-0.2642256356169667,-0.04304117407320443,0.5600000023911571,-0.26422562132706234,-0.04304116660337519,0.56,1.6300838869885512e-08
7.4,-0.30500000000000005,-0.52,1.5707963267948966,-1.5707963267948966,-0.25616962065689525,-0.04831684070519876,0.5600000035886842,-0.2561696056348987,-0.04831682704307032,0.56,2.0620203375838525e-08
7.5,-0.30000000000000004,-0.525,1.5707963267948966,-1.5707963267948966,-0.2481136057800304,-0.053592507362503636,0.5600000047928616,-0.24811358994273497,-0.05359248748276542,0.56,2.5864946155524434e-08
7.6000000000000005,-0.29500000000000004,-0.52,1.5707963267948966,-1.5707963267948966,-0.24041526530280838,-0.05820154057854057,0.5599995225128067,-0.2404155542760762,-0.05820404615176305,0.56,2.566982030031647e-06
7.7,-0.29000000000000004,-0.515,1.5707963267948966,-1.5707963267948966,-0.24039429128053277,-0.04857542496760027,0.5600002070599546,-0.24039419388330746,-0.04857432519833081,0.56,1.12332207772616e-06
7.800000000000001,-0.28500000000000003,-0.51,1.5707963267948966,-1.5707963267948966,-0.24037292990281908,-0.03894580604755905,0.5600002265227954,-0.24037283349053873,-0.038944604244898574,0.56,1.226758957304822e-06
7.9,-0.28,-0.505,1.5707963267948966,-1.5707963267948966,-0.24035156524018148,-0.029316173038517645,0.5600002432763513,-0.2403514730977699,-0.029314883291466334,0.56,1.315720739165245e-06
8.0,-0.275,-0.5,1.5707963267948966,-1.5707963267948966,-0.24033019682726572,-0.01968651477135498,0.5600002551726503,-0.24033011270500113,-0.01968516233803416,0.56,1.3788638526306014e-06
8.1,-0.27,-0.495,1.5707963267948966,-1.5707963267948966,-0.24030882483964536,-0.01005682300197195,0.5600002606461104,-0.2403087523122324,-0.010055441384601916,0.56,1.4078576553246607e-06
8.200000000000001,-0.265,-0.49,1.5707963267948966,-1.5707963267948966,-0.24028745030259888,-0.00042709819064018495,0.560000259799289,-0.24028739191946363,-0.0004257204311696318,0.56,1.4032552938540789e-06
8.3,-0.26,-0.485,1.5707963267948966,-1.5707963267948966,-0.24026607461386343,0.009202651497453258,0.5600002542070969,-0.2402660315266949,0.00920400052226261,0.56,1.3734430051556121e-06
8.4,-0.255,-0.48,1.5707963267948966,-1.5707963267948966,-0.2402446989645439,0.018832415083872005,0.5600002459782124,-0.24024467113392617,0.018833721475694898,0.56,1.3296388303438066e-06
8.5,-0.25,-0.475,1.5707963267948966,-1.5707963267948966,-0.24022332406700223,0.02846218305409747,0.5600002369361773,-0.24022331074115744,0.028463442429127152,0.5599999999999999,1.2815388389189814e-06
8.6,-0.2450000000000001,-0.4700000000000001,1.5707963267948966,-1.5707963267948966,-0.24020195019205173,0.038091948959224714,0.5600002283154268,-0.24020195034838865,0.03809316338255928,0.56,1.2356989900836485e-06
8.700000000000001,-0.2400000000000001,-0.4650000000000001,1.5707963267948966,-1.5707963267948966,-0.24018057732403017,0.04772170911848138,0.560000220819394,-0.24018058995561986,0.047722884335991395,0.56,1.1958498892710347e-06
8.8,-0.2350000000000001,-0.4600000000000001,1.5707963267948966,-1.5707963267948966,-0.2401592052980291,0.057351461739446524,0.5600002147902057,-0.24015922956285113,0.05735260528942363,0.56,1.1637998814926715e-06
8.9,-0.2300000000000001,-0.45500000000000007,1.5707963267948966,-1.5707963267948966,-0.24013783388815377,0.06698120605981485,0.560000210373125,-0.24013786917008237,0.06698232624285586,0.56,1.1403121114557013e-06
9.0,-0.2250000000000001,-0.45000000000000007,1.5707963267948966,-1.5707963267948966,-0.24011646284794902,0.07661094179989282,0.5600002076224667,-0.2401165087773136,0.07661204719628811,0.56,1.1256632648893982e-06
9.1,-0.22000000000000008,-0.44500000000000006,1.5707963267948966,-1.5707963267948966,-0.24009509192538114,0.08624066880630443,0.5600002065689782,-0.24009514838454488,0.08624176814972032,0.56,1.1200063954940759e-06
9.200000000000001,-0.21500000000000008,-0.44000000000000006,1.5707963267948966,-1.5707963267948966,-0.24007372086145748,0.09587038683538207,0.5600002072623609,-0.24007378799177612,0.09587148910315255,0.56,1.1235917424605537e-06
9.3,-0.21000000000000008,-0.43500000000000005,1.5707963267948966,-1.5707963267948966,-0.2400523493802148,0.10550009540623043,0.5600002097988986,-0.24005242759900733,0.1055012100565848,0.56,1.1369165184249904e-06
9.4,-0.20500000000000007,-0.43000000000000005,1.5707963267948966,-1.5707963267948966,-0.24003097716973482,0.1151297936676218,0.5600002143481945,-0.24003106720623854,0.11513093101001703,0.56,1.1608615095920525e-06
9.5,-0.20000000000000007,-0.42500000000000004,1.5707963267948966,-1.5707963267948966,-0.24000960385797504,0.12475948024925299,0.5600002211817992,-0.24000970681346984,0.12476065196344927,0.56,1.1968439246303033e-06
9.600000000000001,-0.19500000000000006,-0.42000000000000004,1.5707963267948966,-1.5707963267948966,-0.23998822897110839,0.13438915303251148,0.5600002307187657,-0.2399883464207011,0.13439037291688147,0.56,1.2470539009198057e-06
9.700000000000001,-0.19000000000000006,-0.41500000000000004,1.5707963267948966,-1.5707963267948966,-0.23996685187301775,0.14401880880022824,0.5600002435947617,-0.23996698602793232,0.1440200938703136,0.56,1.3148159845672381e-06
9.8,-0.18500000000000005,-0.41000000000000003,1.5707963267948966,-1.5707963267948966,-0.23630386638006678,0.1499997135953294,0.5600000542805754,-0.2363038977552248,0.15,0.56,2.931866585295655e-07
9.9,-0.18000000000000005,-0.405,1.5707963267948966,-1.5707963267948966,-0.22667428543063056,0.1500013508106838,0.5599997442895273,-0.22667415311129208,0.15,0.56,1.3811537773642205e-06
10.0,-0.17500000000000004,-0.4,1.5707963267948966,-1.5707963267948966,-0.2170445245373265,0.15000128678262226,0.559999756902104,-0.21704440846735928,0.15,0.56,1.3146780371263756e-06
10.100000000000001,-0.16500000000000004,-0.4,1.5707963267948966,-1.5707963267948966,-0.2074146620933113,0.1499999935480906,0.5600000011684114,-0.20741466382342655,0.15,0.56,6.781269699420842e-09
10.200000000000001,-0.15500000000000003,-0.4,1.5707963267948966,-1.5707963267948966,-0.19778491740704024,0.1499999930736193,0.5600000012529173,-0.19778491917949392,0.15,0.56,7.258522100757707e-09
10.3,-0.14500000000000002,-0.4,1.5707963267948966,-1.5707963267948966,-0.18815517275372937,0.14999999301421096,0.5600000012644062,-0.1881551745355612,0.15,0.56,7.31948740644491e-09
10.4,-0.135,-0.4,1.5707963267948966,-1.5707963267948966,-0.1785254281002619,0.14999999295520733,0.5600000012758267,-0.1785254298916285,0.15,0.56,7.3800969994976185e-09
10.5,-0.125,-0.4,1.5707963267948966,-1.5707963267948966,-0.1688956834467922,0.14999999289589397,0.5600000012873131,-0.1688956852476956,0.15,0.5599999999999999,7.4410181163835026e-09
10.600000000000001,-0.115,-0.4,1.5707963267948966,-1.5707963267948966,-0.1592659387933048,0.14999999283626977,0.5600000012988502,-0.15926594060376298,0.15,0.56,7.502253071103783e-09
10.700000000000001,-0.105,-0.4,1.5707963267948966,-1.5707963267948966,-0.1496361941396095,0.1499999927772056,0.5600000013103035,-0.14963619595983024,0.15,0.56,7.562992625078972e-09
10.8,-0.09499999999999997,-0.4,1.5707963267948966,-1.5707963267948966,-0.14000644948595847,0.1499999927175561,0.5600000013218579,-0.14000645131589762,0.15,0.56,7.62430157869595e-09
10.9,-0.08499999999999996,-0.4,1.5707963267948966,-1.5707963267948966,-0.13037670483210023,0.14999999265843472,0.5600000013333184,-0.13037670667196488,0.15,0.56,7.685142834408303e-09
11.0,-0.07499999999999996,-0.4,1.5707963267948966,-1.5707963267948966,-0.1207469601782234,0.14999999259901697,0.5600000013448351,-0.12074696202803203,0.15,0.56,7.746284458531517e-09
11.100000000000001,-0.06499999999999995,-0.4,1.5707963267948966,-1.5707963267948966,-0.11111721552426429,0.14999999253957763,0.560000001356358,-0.1111172173840993,0.15,0.56,7.807470453904951e-09
11.200000000000001,-0.05499999999999993,-0.4,1.5707963267948966,-1.5707963267948966,-0.10148747087028452,0.14999999247981327,0.5600000013679477,-0.10148747274016645,0.15,0.56,7.868986436788997e-09
11.3,-0.04499999999999992,-0.4,1.5707963267948966,-1.5707963267948966,-0.09185772621616067,0.1499999924203375,0.5600000013795172,-0.09185772809623383,0.15,0.56,7.93026014704819e-09
11.4,-0.03499999999999992,-0.4,1.5707963267948966,-1.5707963267948966,-0.0822279815619617,0.14999999236084022,0.5600000013910635,-0.08222798345230097,0.15,0.5599999999999999,7.991570718524839e-09
11.5,-0.02499999999999991,-0.4,1.5707963267948966,-1.5707963267948966,-0.07259823690766447,0.14999999230132044,0.5600000014025702,-0.07259823880836835,0.15,0.56,8.052921534266424e-09
11.600000000000001,-0.014999999999999902,-0.4,1.5707963267948966,-1.5707963267948966,-0.06296849225323962,0.14999999224204813,0.5600000014140686,-0.0629684941644355,0.15,0.56,8.114066590333282e-09
11.700000000000001,-0.004999999999999893,-0.4,1.5707963267948966,-1.5707963267948966,-0.05333874759878797,0.1499999921824735,0.5600000014256314,-0.05333874952050288,0.15,0.56,8.175520377629948e-09
11.8,0.004999999999999893,-0.4,1.5707963267948966,-1.5707963267948966,-0.0437090029442543,0.14999999212287504,0.5600000014372002,-0.04370900487657026,0.15,0.56,8.237019285919125e-09
11.9,0.014999999999999902,-0.4,1.5707963267948966,-1.5707963267948966,-0.03407925828963812,0.14999999206325293,0.5600000014487759,-0.03407926023263763,0.15,0.56,8.298563286401882e-09
12.0,0.02499999999999991,-0.4,1.5707963267948966,-1.5707963267948966,-0.024449513634939156,0.14999999200360672,0.5600000014603583,-0.024449515588704784,0.15,0.56,8.360152615705226e-09
12.100000000000001,0.03499999999999993,-0.4,1.5707963267948966,-1.5707963267948966,-0.014819768980157855,0.14999999194393598,0.560000001471948,-0.01481977094477216,0.15,0.56,8.421787655568132e-09
12.200000000000001,0.04499999999999992,-0.4,1.5707963267948966,-1.5707963267948966,-0.005190024325293568,0.14999999188424074,0.5600000014835441,-0.005190026300839313,0.15000000000000002,0.56,8.483468205111911e-09
12.3,0.05499999999999994,-0.4,1.5707963267948966,-1.5707963267948966,0.004439720329652876,0.14999999182451978,0.5600000014951487,0.004439718343093314,0.15,0.56,8.545195439443273e-09
12.4,0.06499999999999995,-0.4,1.5707963267948966,-1.5707963267948966,0.01406946498468319,0.1499999917647742,0.560000001506759,0.014069462987026162,0.15,0.56,8.606968118480509e-09
12.5,0.07499999999999996,-0.4,1.5707963267948966,-1.5707963267948966,0.023699209639795875,0.14999999170500175,0.5600000015183774,0.023699207630958785,0.15,0.56,8.66878838029431e-09
12.600000000000001,0.07999999999999996,-0.4,1.5707963267948966,-1.5707963267948966,0.03332892840151534,0.1500000993866416,0.559999981877508,0.03332895227489141,0.15,0.56,1.0380783850049307e-07
12.700000000000001,0.08499999999999996,-0.4,1.5707963267948966,-1.5707963267948966,0.04295867459860144,0.15000009013346993,0.5599999836713734,0.04295869691882426,0.15,0.56,9.4280744580131e-08
12.8,0.08999999999999997,-0.4,1.5707963267948966,-1.5707963267948966,0.05258842064004708,0.15000008088165195,0.5599999854604869,0.05258844156275688,0.15,0.56,8.479975737986352e-08
12.9,0.09499999999999997,-0.4,1.5707963267948966,-1.5707963267948966,0.06221816652401964,0.1500000716635466,0.5599999872396598,0.06221818620668984,0.15,0.56,7.540489175040275e-08
13.0,0.09999999999999998,-0.4,1.5707963267948966,-1.5707963267948966,0.07184791225184337,0.1500000624742498,0.559999989010233,0.07184793085062247,0.15,0.56,6.610386866948726e-08
13.100000000000001,0.10499999999999998,-0.4,1.5707963267948966,-1.5707963267948966,0.08147765782465156,0.15000005330955482,0.5599999907734016,0.08147767549455542,0.15000000000000002,0.56,5.691453465335727e-08
13.200000000000001,0.10999999999999999,-0.4,1.5707963267948966,-1.5707963267948966,0.09110740324341005,0.1500000441658222,0.5599999925302611,0.09110742013848805,0.15,0.56,4.787337997896682e-08
13.3,0.11499999999999999,-0.4,1.5707963267948966,-1.5707963267948966,0.10073714850894609,0.15000003503991352,0.5599999942817948,0.10073716478242101,0.15,0.56,3.905533762406071e-08
13.4,0.12,-0.4,1.5707963267948966,-1.5707963267948966,0.11036689362198067,0.15000002592911643,0.5599999960289028,0.11036690942635365,0.15,0.56,3.06246126116705e-08
13.5,0.125,-0.4,1.5707963267948966,-1.5707963267948966,0.11999663858313568,0.15000001683097497,0.5599999977724409,0.11999665407028626,0.15,0.56,2.298033009495141e-08
13.600000000000001,0.13,-0.4,1.5707963267948966,-1.5707963267948966,0.12962638339293783,0.15000000774325517,0.5599999995132066,0.12962639871421922,0.15,0.56,1.7173719219412455e-08
13.700000000000001,0.135,-0.4,1.5707963267948966,-1.5707963267948966,0.13925612805185025,0.14999999866384287,0.5600000012519792,0.13925614335815184,0.15,0.56,1.541543499355574e-08
13.8,0.14,-0.4,1.5707963267948966,-1.5707963267948966,0.14888587256026026,0.14999998959064714,0.5600000029895312,0.14888588800208458,0.15,0.56,1.8861120374107782e-08
13.9,0.14500000000000002,-0.4,1.5707963267948966,-1.5707963267948966,0.15851561691848065,0.14999998052150978,0.5600000047266477,0.1585156326460172,0.15,0.56,2.5477601626030497e-08
14.0,0.15000000000000002,-0.4,1.5707963267948966,-1.5707963267948966,0.16814536112674158,0.14999997145411553,0.5600000064641357,0.16814537728995005,0.15,0.56,3.343503966796831e-08
14.100000000000001,0.15499999999999992,-0.4,1.5707963267948966,-1.5707963267948966,0.17777510518518774,0.14999996238588892,0.5600000082028611,0.17777512193388245,0.15,0.56,4.198365224702559e-08
14.200000000000001,0.15999999999999992,-0.4,1.5707963267948966,-1.5707963267948966,0.18740484909386695,0.1499999533139749,0.5600000099437276,0.1874048665778152,0.15,0.56,5.0834546347522205e-08
14.3,0.16499999999999992,-0.4,1.5707963267948966,-1.5707963267948966,0.19703459285267944,0.14999994423497612,0.5600000116877593,0.19703461122174803,0.15,0.56,5.986454947947149e-08
14.4,0.16999999999999993,-0.4,1.5707963267948966,-1.5707963267948966,0.20666433646139284,0.14999993514501597,0.5600000134360642,0.20666435586568077,0.15,0.56,6.901610799143727e-08
14.5,0.17499999999999993,-0.4,1.5707963267948966,-1.5707963267948966,0.21629407991959163,0.14999992603961232,0.560000015189869,0.21629410050961373,0.14999999999999997,0.56,7.826122966694104e-08
14.600000000000001,0.17999999999999994,-0.4,1.5707963267948966,-1.5707963267948966,0.2259238232266433,0.14999991691349931,0.5600000169505478,0.22592384515354635,0.15,0.56,8.758696673043286e-08
14.700000000000001,0.18499999999999994,-0.4,1.5707963267948966,-1.5707963267948966,0.2355535663816628,0.14999990776059904,0.5600000187196508,0.2355535897974792,0.15,0.56,9.698882857464701e-08
14.8,0.18999999999999995,-0.4,1.5707963267948966,-1.5707963267948966,0.2451833093834616,0.14999989857387508,0.5600000204988962,0.24518333444141183,0.15,0.56,1.0646766845919079e-07
14.9,0.19499999999999995,-0.4,1.5707963267948966,-1.5707963267948966,0.2501455160047979,0.1453230032853603,0.5599997929861809,0.25014540955404857,0.14532191133246092,0.56,1.1164889689708294e-06
15.0,0.19999999999999996,-0.4,1.5707963267948966,-1.5707963267948966,0.2501671074415091,0.1356944831881815,0.5599995646881115,0.25016688100550105,0.13569219062601662,0.56,2.3444852283405356e-06
15.100000000000001,0.20499999999999996,-0.405,1.5707963267948966,-1.5707963267948966,0.25018846674100165,0.12606361626969562,0.559999781774904,0.2501883524569537,0.12606246991957237,0.56,1.1725193564480035e-06
15.200000000000001,0.20999999999999996,-0.41000000000000003,1.5707963267948966,-1.5707963267948966,0.2502099299003711,0.11643389616140681,0.5599997817812282,0.25020982390840635,0.11643274921312788,0.56,1.172324222868795e-06
15.3,0.21499999999999997,-0.41500000000000004,1.5707963267948966,-1.5707963267948966,0.25023139351907064,0.10680418555075899,0.5599997799592514,0.2502312953598589,0.10680302850668363,0.56,1.1818646937039257e-06
15.4,0.21999999999999997,-0.42000000000000004,1.5707963267948966,-1.5707963267948966,0.250252857258912,0.0971744832686698,0.5599997765321811,0.25025276681131137,0.09717330780023914,0.56,1.1999352757681141e-06
15.5,0.22499999999999998,-0.42500000000000004,1.5707963267948966,-1.5707963267948966,0.2502743208053606,0.08754478817744589,0.5599997717213576,0.2502742382627639,0.08754358709379487,0.56,1.2253678450229079e-06
15.600000000000001,0.22999999999999998,-0.43000000000000005,1.5707963267948966,-1.5707963267948966,0.2502957838306505,0.07791509836653411,0.5599997658943778,0.2502957097142165,0.07791386638735041,0.56,1.2562131177491672e-06
15.700000000000001,0.235,-0.43500000000000005,1.5707963267948966,-1.5707963267948966,0.25031724600929783,0.06828541057219616,0.5599997596757006,0.25031718116566903,0.06828414568090614,0.56,1.2891510542456497e-06
15.8,0.24,-0.44000000000000006,1.5707963267948966,-1.5707963267948966,0.2503387070737544,0.05865571962829718,0.5599997540509559,0.2503386526171216,0.05865442497446165,0.56,1.3189332852806567e-06
15.9,0.245,-0.44500000000000006,1.5707963267948966,-1.5707963267948966,0.25036016692231905,0.04902601841633633,0.5599997503770916,0.2503601240685741,0.04902470426801737,0.56,1.338332486385807e-06
16.0,0.25,-0.45000000000000007,1.5707963267948966,-1.5707963267948966,0.25038162575312856,0.039396299042541105,0.5599997501578741,0.2503815955200267,0.03939498356157313,0.56,1.3393376368457956e-06
16.1,0.255,-0.45500000000000007,1.5707963267948966,-1.5707963267948966,0.25040308413096013,0.029766555511955256,0.5599997545355789,0.25040306697147924,0.02976526285512864,0.56,1.3158681169562336e-06
16.2,0.26,-0.4600000000000001,1.5707963267948966,-1.5707963267948966,0.2504245428737113,0.020136786601142327,0.5599997637442732,0.25042453842293183,0.020135542148684387,0.56,1.2666880034129757e-06
16.3,0.265,-0.4650000000000001,1.5707963267948966,-1.5707963267948966,0.25044600277699053,0.010506996740316674,0.5599997769429101,0.2504460098743844,0.010505821442239929,0.56,1.196298628085328e-06
16.400000000000002,0.27,-0.4700000000000001,1.5707963267948966,-1.5707963267948966,0.25046746435420725,0.0008771938836162618,0.5599997926191898,0.25046748132583696,0.0008761007357956539,0.56,1.112774458008682e-06
16.5,0.275,-0.4750000000000001,1.5707963267948966,-1.5707963267948966,0.25048892776036674,-0.008752613755645493,0.5599998092108387,0.25048895277728955,-0.008753619970648857,0.56,1.0244486241451453e-06
16.6,0.28,-0.4800000000000001,1.5707963267948966,-1.5707963267948966,0.25051039287895516,-0.018382419862055303,0.5599998255168613,0.25051042422874203,-0.018383340677093133,0.56,9.377246444067178e-07
16.7,0.28500000000000003,-0.4850000000000001,1.5707963267948966,-1.5707963267948966,0.2505318594601032,-0.028012220628590385,0.5599998408126037,0.25053189568019457,-0.028013061383537617,0.56,8.5645864084516e-07
16.8,0.29000000000000004,-0.4900000000000001,1.5707963267948966,-1.5707963267948966,0.25055332722617274,-0.03764201429599724,0.5599998547631868,0.25055336713164716,-0.03764278208998189,0.56,7.824281319527015e-07
16.900000000000002,0.29500000000000004,-0.4950000000000001,1.5707963267948966,-1.5707963267948966,0.25057479592665705,-0.04727180043914996,0.5599998672873292,0.25057483858309976,-0.0472725027964261,0.56,7.160572382519054e-07
17.0,0.30000000000000004,-0.5000000000000001,1.5707963267948966,-1.5707963267948966,0.25059626535737844,-0.05690157937419897,0.5599998784445678,0.2505963100345523,-0.056902223502870594,0.56,6.57018659237026e-07
17.1,0.30500000000000005,-0.5050000000000001,1.5707963267948966,-1.5707963267948966,0.2578437821817367,-0.06285466656591746,0.5599999667107238,0.25784381201890066,-0.06285484682324984,0.56,1.8571789935705006e-07
17.2,0.30999999999999983,-0.5099999999999999,1.5707963267948966,-1.5707963267948966,0.26561584070854394,-0.06854039702203896,0.55999997364097,0.26561586864531966,-0.06854054095001086,0.56,1.4896483813284685e-07
17.3,0.31499999999999995,-0.515,1.5707963267948966,-1.5707963267948966,0.2747056561302263,-0.07157697304902663,0.5600000455633576,0.2747056554698294,-0.07157673241371047,0.56,2.4491184343906133e-07
17.400000000000002,0.31999999999999984,-0.5199999999999999,1.5707963267948966,-1.5707963267948966,0.28392927471060725,-0.07434413207429047,0.5600000557834712,0.283929272669568,-0.07434383697625144,0.56,3.003311741035467e-07
17.5,0.32499999999999996,-0.525,1.5707963267948966,-1.5707963267948966,0.29316720949901004,-0.07704735018516298,0.5600000609383476,0.29316720839107363,-0.07704702781144425,0.56,3.2808462972260785e-07
17.6,0.33499999999999974,-0.525,1.5707963267948966,-1.5707963267948966,0.3026897827952718,-0.07847938986369542,0.5599999579032244,0.302689796082263,-0.07847961483182334,0.56,2.2925824135926506e-07
17.7,0.345,-0.525,1.5707963267948966,-1.5707963267948966,0.31221237052418344,-0.07991198198113944,0.5599999588945811,0.3122123837734525,-0.07991220185220245,0.56,2.2407249484787322e-07
17.8,0.35499999999999976,-0.525,1.5707963267948966,-1.5707963267948966,0.32173495826365517,-0.08134457405446674,0.5599999598750933,0.321734971464642,-0.08134478887258154,0.56,2.1893171683758794e-07
17.900000000000002,0.365,-0.525,1.5707963267948966,-1.5707963267948966,0.33125754600369733,-0.08277716594940368,0.5599999608221827,0.33125755915583144,-0.08277737589296065,0.56,2.139723746534077e-07
18.0,0.3749999999999998,-0.525,1.5707963267948966,-1.5707963267948966,0.3408284192003085,-0.08374395122566097,0.5599999742345356,0.34082842744042746,-0.08374408931740243,0.56,1.4071633798880139e-07
18.1,0.385,-0.525,1.5707963267948966,-1.5707963267948966,0.3504424131597454,-0.08429463631115391,0.5599999857497413,0.35044241703514994,-0.08429471258237092,0.56,7.768775436913163e-08
18.2,0.3949999999999998,-0.525,1.5707963267948966,-1.5707963267948966,0.3600564027345827,-0.08484526027531453,0.5599999858847211,0.360056406629872,-0.08484533584733936,0.56,7.697756371431234e-08
18.3,0.405,-0.525,1.5707963267948966,-1.5707963267948966,0.3696703923088663,-0.08539588421578141,0.5599999860155493,0.3696703962245941,-0.0853959591123078,0.56,7.629146380908478e-08
18.400000000000002,0.4149999999999998,-0.525,1.5707963267948966,-1.5707963267948966,0.3792843818836679,-0.08594650814671217,0.5599999861445851,0.3792843858193164,-0.08594658237727627,0.56,7.561506792989562e-08
18.5,0.42500000000000004,-0.525,1.5707963267948966,-1.5707963267948966,0.3889114715914914,-0.08578146731460083,0.5600000050855162,0.388911467467948,-0.08578143952422174,0.56,2.8551204082997123e-08
18.6,0.43499999999999983,-0.525,1.5707963267948966,-1.5707963267948966,0.39853916697788994,-0.08558279799381466,0.5600000060039342,0.39853916243844834,-0.08558276526228037,0.56,3.358581682693394e-08
18.7,0.44500000000000006,-0.525,1.5707963267948966,-1.5707963267948966,0.408166861982976,-0.08538412387893948,0.5600000060331508,0.4081668574089483,-0.08538409100033897,0.56,3.373904279887063e-08
18.8,0.45499999999999985,-0.525,1.5707963267948966,-1.5707963267948966,0.4177945569882511,-0.08518544976390377,0.5600000060623698,0.41779455237944857,-0.08518541673839757,0.56,3.389214432892623e-08
18.900000000000002,0.4650000000000001,-0.525,1.5707963267948966,-1.5707963267948966,0.4274222519938074,-0.08498677564979484,0.5600000060917727,0.42742224734994855,-0.0849867424764562,0.56,3.4046226161734633e-08
19.0,0.47499999999999987,-0.525,1.5707963267948966,-1.5707963267948966,0.4370196388521164,-0.08433048690465954,0.5600000186138977,0.43701962838876746,-0.08433038632695444,0.56,1.028194223835709e-07
19.1,0.4850000000000001,-0.525,1.5707963267948966,-1.5707963267948966,0.446589439862142,-0.08325770531132834,0.5600000304434122,0.446589423848965,-0.08325754115763496,0.56,1.6771898589036127e-07
19.200000000000003,0.4949999999999999,-0.525,1.5707963267948966,-1.5707963267948966,0.4561592356448556,-0.08218486300392372,0.5600000310056115,0.4561592193091627,-0.08218469598831543,0.56,1.706529115297744e-07
19.3,0.5050000000000001,-0.525,1.5707963267948966,-1.5707963267948966,0.4657290314359807,-0.08111202076037605,0.5600000315800995,0.46572901476936013,-0.08111185081899593,0.56,1.736523872532237e-07
19.400000000000002,0.5149999999999999,-0.525,1.5707963267948966,-1.5707963267948966,0.47529882723692507,-0.0800391785956531,0.5600000321694003,0.4752988102295576,-0.08003900564967642,0.56,1.767326560371506e-07
19.5,0.5250000000000001,-0.525,1.5707963267948966,-1.5707963267948966,0.48476165606061494,-0.07836457459575477,0.5600000512113745,0.4847616296145032,-0.0783642996756867,0.56,2.808968592394852e-07
19.6,0.5349999999999999,-0.525,1.5707963267948966,-1.5707963267948966,0.4941150162152517,-0.07607409126937992,0.5600000724318055,0.494114979226269,-0.07607370303999758,0.56,3.9665678437530716e-07
19.700000000000003,0.5450000000000002,-0.525,1.5707963267948966,-1.5707963267948966,0.503468367337863,-0.07378350971601282,0.5600000753701632,0.5034683288380349,-0.07378310640430845,0.56,4.1209614064011817e-07
19.8,0.5549999999999999,-0.525,1.5707963267948966,-1.5707963267948966,0.5128217185366036,-0.07149292883235223,0.5600000784345182,0.5128216784498006,-0.07149250976861936,0.56,4.2822113167010167e-07
19.900000000000002,0.5650000000000002,-0.525,1.5707963267948966,-1.5707963267948966,0.521367904213431,-0.06713035078802715,0.5600001601197059,0.5213678206136653,-0.06712949635399652,0.56,8.733182430953285e-07
20.0,0.575,-0.525,1.5707963267948966,-1.5707963267948966,0.529806428991532,-0.06249113159388031,0.5600001837300902,0.5298063322984281,-0.06249015346372989,0.56,9.999224437551578e-07
20.1,0.5800000000000001,-0.5199999999999999,1.5707963267948966,-1.5707963267948966,0.5355105466152361,-0.055276399642775365,0.5600000866685175,0.5355105088604639,-0.05527594038932547,0.56,4.688822730543328e-07
20.200000000000003,0.585,-0.515,1.5707963267948966,-1.5707963267948966,0.5361358766986839,-0.04578797687981673,0.5600002075560235,0.5361357500964136,-0.04578687304527512,0.56,1.130291260240518e-06
20.3,0.5900000000000001,-0.5099999999999999,1.5707963267948966,-1.5707963267948966,0.5361359010818734,-0.03615834868509418,0.5600002299503699,0.5361357500964136,-0.036157128401342525,0.56,1.250906158042005e-06
20.400000000000002,0.595,-0.505,1.5707963267948966,-1.5707963267948966,0.536135917579808,-0.026528658596303014,0.5600002407528427,0.5361357500964136,-0.0265273837574099,0.56,1.3081386861009271e-06
20.5,0.5999999999999999,-0.5000000000000001,1.5707963267948966,-1.5707963267948966,0.5361359321688209,-0.01689894502943834,0.5600002470686579,0.5361357500964136,-0.01689763911347733,0.56,1.3414953523747435e-06
20.6,0.605,-0.495,1.5707963267948966,-1.5707963267948966,0.536135944266164,-0.007269207931571889,0.5600002488779297,0.5361357500964136,-0.007267894469544483,0.56,1.3508606935006923e-06
20.700000000000003,0.6099999999999999,-0.4900000000000001,1.5707963267948966,-1.5707963267948966,0.5361359539577641,0.0023605478291631107,0.5600002471065234,0.5361357500964137,0.0023618501743881133,0.56,1.3411652281451698e-06
20.8,0.615,-0.485,1.5707963267948966,-1.5707963267948966,0.536135961828204,0.011990315019277435,0.5600002431379737,0.5361357500964138,0.011991594818320739,0.56,1.3197848371816174e-06
20.900000000000002,0.6199999999999999,-0.4800000000000001,1.5707963267948966,-1.5707963267948966,0.5361359686712398,0.021620086580553075,0.5600002383289172,0.5361357500964136,0.021621339462253503,0.56,1.2939428823120905e-06
21.0,0.625,-0.475,1.5707963267948966,-1.5707963267948966,0.5361359752537459,0.03124985705676736,0.5600002337321193,0.5361357500964133,0.03125108410618635,0.5600000000000002,1.2692426105935442e-06
21.1,0.6299999999999999,-0.4700000000000001,1.5707963267948966,-1.5707963267948966,0.5361359822261474,0.04087962274480293,0.5600002300670893,0.5361357500964135,0.040880828750118975,0.56,1.2495054626893514e-06
21.200000000000003,0.635,-0.46499999999999997,1.5707963267948966,-1.5707963267948966,0.5361359901257005,0.05050938127385993,0.5600002277994489,0.5361357500964136,0.05051057339405175,0.56,1.2371973162050385e-06
21.3,0.6399999999999999,-0.4600000000000001,1.5707963267948966,-1.5707963267948966,0.5361359994203135,0.06013913107454022,0.5600002272427883,0.5361357500964136,0.06014031803798438,0.56,1.2339707896368197e-06
21.400000000000002,0.645,-0.45499999999999996,1.5707963267948966,-1.5707963267948966,0.5361360105719926,0.0697688708829961,0.5600002286543247,0.5361357500964135,0.06977006268191763,0.56,1.241174845401787e-06
21.5,0.6499999999999999,-0.45000000000000007,1.5707963267948966,-1.5707963267948966,0.5361360240905603,0.07939859941009078,0.5600002322996178,0.5361357500964136,0.07939980732585025,0.56,1.2601969635024414e-06
21.6,0.655,-0.44499999999999995,1.5707963267948966,-1.5707963267948966,0.536136040612622,0.08902831496878261,0.5600002385262404,0.5361357500964137,0.08902955196978304,0.56,1.2928518514095026e-06
21.700000000000003,0.6599999999999999,-0.44000000000000006,1.5707963267948966,-1.5707963267948966,0.5361360609885242,0.0986580151495142,0.5600002478284637,0.5361357500964136,0.09865929661371567,0.56,1.3417240221041536e-06
21.8,0.665,-0.43499999999999994,1.5707963267948966,-1.5707963267948966,0.5361360864235294,0.10828769633269204,0.5600002609462723,0.5361357500964136,0.10828904125764849,0.56,1.4106849486374464e-06
21.900000000000002,0.6699999999999999,-0.43000000000000005,1.5707963267948966,-1.5707963267948966,0.5361361187051122,0.11791735293344736,0.5600002790193644,0.5361357500964136,0.11791878590158172,0.56,1.5056964675974532e-06
22.0,0.675,-0.42499999999999993,1.5707963267948966,-1.5707963267948966,0.5361361606173661,0.12754697600778234,0.5600003038702269,0.5361357500964136,0.12754853054551435,0.56,1.6362921889208992e-06
22.1,0.6799999999999999,-0.42000000000000004,1.5707963267948966,-1.5707963267948966,0.5361362167603053,0.13717655057272515,0.5600003385503184,0.5361357500964136,0.13717827518944714,0.56,1.8184318364097718e-06
22.200000000000003,0.685,-0.4149999999999999,1.5707963267948966,-1.5707963267948966,0.5361362953173657,0.14680604968486446,0.5600003885480087,0.5361357500964136,0.14680801983337977,0.56,2.080798071426634e-06
22.3,0.69,-0.41000000000000003,1.5707963267948966,-1.5707963267948966,0.5425733175953235,0.15000071964475553,0.559999858261347,0.5425735145737266,0.15,0.56,7.594596179136833e-07
22.400000000000002,0.6950000000000001,-0.4049999999999999,1.5707963267948966,-1.5707963267948966,0.5522027668422428,0.1500018293103347,0.559999641324082,0.5522032592176591,0.14999999999999997,0.5599999999999999,1.9280711256370636e-06
22.5,0.7,-0.4,1.5707963267948966,-1.5707963267948966,0.5618325723300046,0.15000163889518897,0.5599996799547331,0.5618330038615919,0.15,0.56,1.7247103884822777e-06
22.6,0.6949999999999998,-0.40500000000000014,1.5707963267948966,-1.5707963267948966,0.5714627899820856,0.14999960389922834,0.5600000778691069,0.5714627485055245,0.15,0.56,4.0580749650833425e-07
22.700000000000003,0.69,-0.41000000000000003,1.5707963267948966,-1.5707963267948966,0.5810925502024844,0.14999947416478984,0.5600001027686692,0.5810924931494571,0.15,0.56,5.388126905660624e-07
22.8,0.6849999999999998,-0.41500000000000015,1.5707963267948966,-1.5707963267948966,0.5907223057581595,0.14999933166311968,0.5600001299934165,0.5907222377933902,0.15,0.56,6.842453388848231e-07
22.900000000000002,0.6799999999999999,-0.42000000000000004,1.5707963267948966,-1.5707963267948966,0.6000000620609671,0.14964728330537005,0.5600001423960455,0.6,0.14964801756267718,0.56,7.505078217118165e-07
23.0,0.6749999999999998,-0.42500000000000016,1.5707963267948966,-1.5707963267948966,0.5999997729386546,0.14001981602304056,0.5599997054046848,0.6,0.14001827291874455,0.56,1.5872977422973112e-06
23.1,0.6699999999999999,-0.43000000000000005,1.5707963267948966,-1.5707963267948966,0.5999998025541098,0.13038994051932312,0.5599997312744484,0.6,0.1303885282748121,0.56,1.4510798946375427e-06
23.200000000000003,0.6649999999999998,-0.43500000000000016,1.5707963267948966,-1.5707963267948966,0.599999826330087,0.1207600974674341,0.5599997507312459,0.6,0.12075878363087902,0.56,1.3485038538913624e-06
23.3,0.6599999999999999,-0.44000000000000006,1.5707963267948966,-1.5707963267948966,0.5999998459641803,0.11113027843610275,0.5599997654594465,0.6000000000000001,0.11112903898694658,0.56,1.2708149022400434e-06
23.400000000000002,0.6549999999999998,-0.4450000000000002,1.5707963267948966,-1.5707963267948966,0.5999998626479446,0.10150047742310593,0.5599997766446397,0.6,0.10149929434301394,0.56,1.211788640055852e-06
23.5,0.6500000000000001,-0.44999999999999984,1.5707963267948966,-1.5707963267948966,0.5999998771967049,0.09187069041949106,0.5599997850786347,0.6,0.09186954969908148,0.56,1.1672681334640544e-06
23.6,0.645,-0.45499999999999996,1.5707963267948966,-1.5707963267948966,0.5999998901956333,0.08224091462573546,0.5599997913136192,0.6,0.08223980505514886,0.56,1.1343517493072947e-06
23.700000000000003,0.6399999999999999,-0.4600000000000001,1.5707963267948966,-1.5707963267948966,0.5999999020831309,0.07261114798505518,0.5599997957547725,0.6000000000000001,0.0726100604112164,0.56,1.110909843787528e-06
23.8,0.635,-0.46499999999999997,1.5707963267948966,-1.5707963267948966,0.5999999132005445,0.0629813888781589,0.5599997987200969,0.6,0.06298031576728393,0.56,1.0952692339810984e-06
23.900000000000002,0.6300000000000001,-0.46999999999999986,1.5707963267948966,-1.5707963267948966,0.5999999238212328,0.05335163589912518,0.5599998004837907,0.6,0.05335057112335086,0.56,1.0859822152955199e-06
24.0,0.625,-0.475,1.5707963267948966,-1.5707963267948966,0.5999999341669189,0.04372188767285652,0.5599998013129045,0.6,0.04372082647941839,0.56,1.0816386039879912e-06
24.1,0.6199999999999999,-0.4800000000000001,1.5707963267948966,-1.5707963267948966,0.5999999444126275,0.03409214269425668,0.5599998014970807,0.6,0.03409108183548577,0.56,1.0807010209893116e-06
24.200000000000003,0.615,-0.485,1.5707963267948966,-1.5707963267948966,0.5999999546814334,0.02446239919422058,0.55999980137565,0.5999999999999999,0.024461337191553297,0.56,1.0813672226515352e-06
24.3,0.6100000000000001,-0.4899999999999999,1.5707963267948966,-1.5707963267948966,0.599999965032455,0.0148326550642005,0.559999801351566,0.6,0.014831592547620676,0.56,1.0814922153886138e-06
24.400000000000002,0.605,-0.495,1.5707963267948966,-1.5707963267948966,0.5999999754429208,0.00520290789563569,0.5599998018852061,0.6,0.005201847903687802,0.56,1.0786266505555033e-06
24.5,0.5999999999999999,-0.5000000000000001,1.5707963267948966,-1.5707963267948966,0.599999985795413,-0.004426844799644426,0.5599998034523564,0.6,-0.004427896740244824,0.56,1.0702391196658012e-06
24.6,0.595,-0.505,1.5707963267948966,-1.5707963267948966,0.5999999958809714,-0.014056605177190876,0.5599998064666681,0.6,-0.014057641384177312,0.56,1.0541333102116034e-06
24.700000000000003,0.5900000000000001,-0.5099999999999999,1.5707963267948966,-1.5707963267948966,0.6000000054298174,-0.02368637455356842,0.5599998111832739,0.6,-0.02368738602810977,0.5599999999999999,1.0289616060592782e-06
24.8,0.585,-0.515,1.5707963267948966,-1.5707963267948966,0.6000000141668641,-0.03331615302425517,0.559999817626366,0.6,-0.03331713067204284,0.56,9.94613512467983e-07
24.900000000000002,0.5799999999999998,-0.5200000000000001,1.5707963267948966,-1.5707963267948966,0.6000000218739534,-0.04294593941962308,0.5599998255797611,0.6,-0.0429468753159753,0.56,9.522619763870911e-07
25.0,0.575,-0.525,1.5707963267948966,-1.5707963267948966,0.6000000284324498,-0.05257573164785828,0.5599998346512088,0.6,-0.05257661995990792,0.56,9.040171040951553e-07
25.1,0.5700000000000001,-0.5299999999999999,1.5707963267948966,-1.5707963267948966,0.5988723256742112,-0.06207702422126052,0.5599998459451777,0.5988722894290919,-0.06207785144331258,0.56,8.422249820427448e-07
25.200000000000003,0.565,-0.535,1.5707963267948966,-1.5707963267948966,0.5966270201769336,-0.07142637515912179,0.5599998570326498,0.5966269786599141,-0.07142714244360253,0.56,7.815937567215698e-07
25.3,0.5599999999999998,-0.5400000000000001,1.5707963267948966,-1.5707963267948966,0.5913552999217655,-0.07948519526803517,0.5599998982403387,0.5913552607658974,-0.07948573862117969,0.56,5.541848521448411e-07
25.400000000000002,0.5549999999999999,-0.545,1.5707963267948966,-1.5707963267948966,0.5860835801399435,-0.08754381322892732,0.5599999024610343,0.586083542871881,-0.08754433479875653,0.56,5.319190211673495e-07
25.5,0.55,-0.5499999999999999,1.5707963267948966,-1.5707963267948966,0.5799196935310109,-0.09478768885780511,0.5599999286469168,0.5799196627713511,-0.09478806942802298,0.56,3.884213046224896e-07
25.6,0.5449999999999999,-0.555,1.5707963267948966,-1.5707963267948966,0.5723705432427738,-0.10076638296582446,0.5599999650502084,0.5723705199645953,-0.10076656629517579,0.56,1.8807714530290144e-07
25.700000000000003,0.5399999999999998,-0.5600000000000002,1.5707963267948966,-1.5707963267948966,0.5648213991821687,-0.10674488492362791,0.5599999660397911,0.5648213771578392,-0.10674506316232889,0.56,1.827769170580009e-07
25.8,0.5349999999999999,-0.5650000000000001,1.5707963267948966,-1.5707963267948966,0.5571122253909969,-0.11246814831487731,0.5599999740441063,0.5571122057348878,-0.11246828344494955,0.56,1.3899714914193826e-07
25.900000000000002,0.53,-0.57,1.5707963267948966,-1.5707963267948966,0.548441543775529,-0.11665781979907597,0.5600000175934199,0.5484415303491761,-0.11665771899916946,0.56,1.0320085525564983e-07
26.0,0.5249999999999999,-0.5750000000000001,1.5707963267948966,-1.5707963267948966,0.5397708689314776,-0.12084726076279108,0.5600000186278524,0.5397708549634644,-0.1208471545533893,0.56,1.0873150096241913e-07
26.1,0.5199999999999998,-0.5800000000000002,1.5707963267948966,-1.5707963267948966,0.5311001941679467,-0.1250367017635732,0.560000019671647,0.5311001795777528,-0.1250365901076091,0.56,1.143105497152078e-07
26.200000000000003,0.5149999999999999,-0.5850000000000001,1.5707963267948966,-1.5707963267948966,0.5223226142804043,-0.12895107308686776,0.5600000289380513,0.5223225992674234,-0.12895091157141614,0.56,1.6477269652480208e-07
26.3,0.51,-0.59,1.5707963267948966,-1.5707963267948966,0.5130981647843743,-0.13171559442152722,0.5600000656014351,0.5130981482462114,-0.13171523522551487,0.56,3.6551174318277083e-07
26.400000000000002,0.5049999999999999,-0.5950000000000001,1.5707963267948966,-1.5707963267948966,0.5038737166450691,-0.1344799341221368,0.560000068700761,0.5038736972249994,-0.1344795588796136,0.56,3.8197367039575984e-07
26.5,0.4999999999999998,-0.6000000000000002,1.5707963267948966,-1.5707963267948966,0.4946492687643814,-0.1372442742136773,0.5600000718790978,0.4946492462037872,-0.1372438825337123,0.56,3.9885934874884656e-07
26.6,0.4949999999999999,-0.6050000000000001,1.5707963267948966,-1.5707963267948966,0.4854176566254181,-0.13997887042421933,0.5600000761399719,0.48541763053490994,-0.1399784565197451,0.56,4.21657353445675e-07
26.700000000000003,0.49,-0.61,1.5707963267948966,-1.5707963267948966,0.47594610675786925,-0.1417173350388263,0.5600001146523392,0.4759460710595629,-0.1417167151346564,0.56,6.314275158969755e-07
26.8,0.4849999999999999,-0.6150000000000001,1.5707963267948966,-1.5707963267948966,0.46647455335718435,-0.14345562251309477,0.5600001202504973,0.46647451158421605,-0.14345497374956767,0.56,6.611348402955553e-07
26.900000000000002,0.47999999999999976,-0.6200000000000002,1.5707963267948966,-1.5707963267948966,0.457003000374644,-0.14519390874765256,0.5600001256191544,0.45700295210886904,-0.14519323236447895,0.56,6.896404530611712e-07
27.0,0.47499999999999987,-0.6250000000000001,1.5707963267948966,-1.5707963267948966,0.4474768300449408,-0.14655125014101256,0.5600001454314094,0.4474767706737224,-0.14655046897054502,0.56,7.96807715672492e-07
27.1,0.47,-0.63,1.5707963267948966,-1.5707963267948966,0.4378984001467756,-0.14754403559325568,0.5600001650503017,0.43789832797715944,-0.14754315090148779,0.56,9.028452690033538e-07
27.200000000000003,0.46499999999999986,-0.6350000000000001,1.5707963267948966,-1.5707963267948966,0.428319966363111,-0.14853674119494617,0.5600001697262741,0.42831988528059706,-0.14853583283243046,0.56,9.276334632287147e-07
27.3,0.45999999999999974,-0.6400000000000002,1.5707963267948966,-1.5707963267948966,0.4187124063158373,-0.14908545705619491,0.560000191147896,0.41871230901216416,-0.14908443583773823,0.56,1.043500196075331e-06
27.400000000000002,0.45499999999999985,-0.6450000000000001,1.5707963267948966,-1.5707963267948966,0.4090863845362042,-0.14935274686766165,0.5600002048593308,0.4090862726330914,-0.14935165398105502,0.56,1.1175378235188407e-06
27.5,0.44999999999999996,-0.65,1.5707963267948966,-1.5707963267948966,0.39946035763237125,-0.14961996928726895,0.560000205905909,0.3994602362540183,-0.14961887212437186,0.56,1.12289642028117e-06
27.6,0.4399999999999997,-0.6449999999999999,1.5707963267948966,-1.5707963267948966,0.3898340921849599,-0.1498849654854569,0.5599997878892167,0.3898341998749454,-0.1498860902676887,0.56,1.1496622053324333e-06
27.700000000000003,0.4299999999999995,-0.6399999999999998,1.5707963267948966,-1.5707963267948966,0.38021265317844744,-0.1497266512635963,0.5599998064145171,0.3802127515808275,-0.14972767814032745,0.56,1.0495876278786806e-06
27.8,0.4199999999999997,-0.6349999999999999,1.5707963267948966,-1.5707963267948966,0.3705946214331831,-0.14925207198852308,0.5599998216657136,0.37059471228120405,-0.14925301832715088,0.56,9.672710473736137e-07
27.900000000000002,0.4099999999999999,-0.63,1.5707963267948966,-1.5707963267948966,0.3609765839404507,-0.1487774330362692,0.5599998256745927,0.3609766729815804,-0.14877835851397425,0.56,9.459527752386485e-07
28.0,0.3999999999999997,-0.6249999999999999,1.5707963267948966,-1.5707963267948966,0.3513852689475256,-0.14797353630041468,0.5599998427867509,0.3513853497024345,-0.14797437156217186,0.56,8.537561502206523e-07
28.1,0.38999999999999946,-0.6199999999999998,1.5707963267948966,-1.5707963267948966,0.3418164927397613,-0.14689178182738696,0.5599998578257123,0.34181656619672024,-0.14689253787434464,0.56,7.727978100009036e-07
28.200000000000003,0.3800000000000001,-0.6150000000000001,1.5707963267948966,-1.5707963267948966,0.3322477116717117,-0.14580997549858712,0.5599998631013879,0.33224778269100635,-0.14581070418651743,0.56,7.448295576711158e-07
28.3,0.37000000000000033,-0.6100000000000002,1.5707963267948966,-1.5707963267948966,0.3227726090485652,-0.14410672831143084,0.5599998885300866,0.3227726676738132,-0.1441073225579365,0.56,6.074465991329781e-07
28.400000000000002,0.3600000000000001,-0.6050000000000001,1.5707963267948966,-1.5707963267948966,0.3133099838589705,-0.14232052608890003,0.5599998952364419,0.31331003916363753,-0.1423210852876511,0.5600000000000002,5.716093530964288e-07
28.5,0.3500000000000003,-0.6000000000000002,1.5707963267948966,-1.5707963267948966,0.303847357338314,-0.14053430945812723,0.5599998992401908,0.30384741065346127,-0.1405348480173656,0.56,5.504916868875224e-07
28.6,0.3400000000000001,-0.5950000000000001,1.5707963267948966,-1.5707963267948966,0.29448295068360875,-0.13833690512586447,0.5599999148637056,0.2944829964888961,-0.13833736106961894,0.56,4.6608048685413264e-07
28.700000000000003,0.3300000000000003,-0.5900000000000002,1.5707963267948966,-1.5707963267948966,0.2852343433851921,-0.13565462377184256,0.5599999312307173,0.2852343813064499,-0.13565499287819266,0.56,3.773681673363624e-07
28.8,0.32000000000000006,-0.5850000000000001,1.5707963267948966,-1.5707963267948966,0.2759857294544449,-0.13297226620183997,0.5599999333086584,0.2759857661240036,-0.1329726246867663,0.56,3.6647487498415707e-07
28.900000000000002,0.3100000000000003,-0.5800000000000002,1.5707963267948966,-1.5707963267948966,0.2667770167842651,-0.13017735195268954,0.5599999382408088,0.26677705097649407,-0.13017768453961687,0.56,3.3999613299842635e-07
29.0,0.30000000000000004,-0.5750000000000001,1.5707963267948966,-1.5707963267948966,0.2579035721391494,-0.12643666584935243,0.5599999639766674,0.257903595047013,-0.12643686086361894,0.56,1.9963219894053263e-07
29.1,0.29000000000000026,-0.5700000000000002,1.5707963267948966,-1.5707963267948966,0.24903011686911275,-0.12269584562163022,0.5599999646593224,0.2490301391175318,-0.12269603718762093,0.56,1.960650005493004e-07
29.200000000000003,0.28,-0.5650000000000001,1.5707963267948966,-1.5707963267948966,0.24018511053028807,-0.11890340944713862,0.5599999665805406,0.24018513169052155,-0.1189035909194969,0.56,1.857332295755184e-07
29.3,0.27000000000000024,-0.5600000000000002,1.5707963267948966,-1.5707963267948966,0.23228324104057918,-0.11339980058366186,0.5600000088932793,0.23228324770567255,-0.11339975485750017,0.56,4.705736656332314e-08
29.400000000000002,0.26,-0.555,1.5707963267948966,-1.5707963267948966,0.2243813569912922,-0.10789596618878347,0.5600000092080549,0.22438136372082323,-0.1078959187955032,0.56,4.8746260139796576e-08
29.5,0.2500000000000002,-0.5500000000000002,1.5707963267948966,-1.5707963267948966,0.21647947292451086,-0.10239213176384315,0.5600000095184429,0.21647947973597412,-0.10239208273350639,0.56,5.040804209950957e-08
29.6,0.24,-0.545,1.5707963267948966,-1.5707963267948966,0.20857758884400263,-0.09688829735810403,0.5600000098325231,0.2085775957511251,-0.09688824667150962,0.56,5.209143598117616e-08
29.700000000000003,0.2300000000000002,-0.5400000000000001,1.5707963267948966,-1.5707963267948966,0.20212572805049253,-0.09000375208947556,0.5600000450102657,0.20212573137803133,-0.0900035131182015,0.56,2.4319594230252274e-07
29.8,0.21999999999999997,-0.535,1.5707963267948966,-1.5707963267948966,0.19701409933573363,-0.08184286448455529,0.5600000810588668,0.197014102546235,-0.08184243276120792,0.56,4.392788361088279e-07
29.900000000000002,0.2100000000000002,-0.5300000000000001,1.5707963267948966,-1.5707963267948966,0.19190246690433307,-0.07368180947955402,0.5600000858988474,0.19190247371443903,-0.07368135240421492,0.56,4.651267086940334e-07
30.0,0.19999999999999996,-0.525,1.5707963267948966,-1.5707963267948966,0.18763926309693824,-0.06527145298179246,0.5600000982053303,0.1876392779749021,-0.06527093152663269,0.56,5.308305985376376e-07
30.1,0.19500000000000006,-0.5200000000000001,1.5707963267948966,-1.5707963267948966,0.18752267028204558,-0.055642661809721376,0.5600001441808447,0.18752268362053856,-0.055641892755089614,0.56,7.825669670885921e-07
30.200000000000003,0.18999999999999995,-0.515,1.5707963267948966,-1.5707963267948966,0.18740606801233867,-0.0460136729184126,0.5600001537555064,0.18740608926617505,-0.04601285398354667,0.56,8.335147244828935e-07
30.3,0.18500000000000005,-0.5100000000000001,1.5707963267948966,-1.5707963267948966,0.18728946487737133,-0.036384682693353654,0.5600001630830095,0.18728949491181152,-0.03638381521200316,0.56,8.831885580214622e-07
30.400000000000002,0.17999999999999994,-0.505,1.5707963267948966,-1.5707963267948966,0.1871728610185171,-0.026755689052171745,0.5600001717684021,0.187172900557448,-0.02675477644046023,0.56,9.294771901420136e-07
30.5,0.17500000000000004,-0.5000000000000001,1.5707963267948966,-1.5707963267948966,0.1870562566649659,-0.017126689851960405,0.5600001794060077,0.18705630620308447,-0.017125737668917167,0.56,9.702026018254222e-07
30.6,0.16999999999999993,-0.495,1.5707963267948966,-1.5707963267948966,0.18693965210681493,-0.007497683402365233,0.5600001856748879,0.18693971184872094,-0.007496698897374303,0.56,1.0036405414580388e-06
30.700000000000003,0.16500000000000004,-0.4900000000000001,1.5707963267948966,-1.5707963267948966,0.18682304764132057,0.0021313311282590425,0.5600001904160393,0.18682311749435732,0.0021323398741690917,0.56,1.0289344127759418e-06
30.8,0.15999999999999992,-0.485,1.5707963267948966,-1.5707963267948966,0.18670644351046917,0.011760353455919172,0.5600001936822255,0.1867065231399938,0.011761378645712157,0.56,1.0463592964667065e-06
30.900000000000002,0.15500000000000003,-0.4800000000000001,1.5707963267948966,-1.5707963267948966,0.18658983985577068,0.02138938233868322,0.5600001957082918,0.1865899287856303,0.021390417417255107,0.56,1.0571650322400585e-06
31.0,0.1499999999999999,-0.475,1.5707963267948966,-1.5707963267948966,0.1864732367016913,0.03101841587099638,0.5600001968559004,0.18647333443126676,0.031019456188798176,0.56,1.0632800403277228e-06
31.1,0.14500000000000002,-0.4700000000000001,1.5707963267948966,-1.5707963267948966,0.18635663396782756,0.04064745188464223,0.560000197537719,0.18635674007690328,0.04064849496034108,0.56,1.066905431559803e-06
31.200000000000003,0.1399999999999999,-0.46499999999999997,1.5707963267948966,-1.5707963267948966,0.1862400314950156,0.05027648825084563,0.5600001981606277,0.18624014572253983,0.0502775337318846,0.56,1.0702084677764222e-06
31.3,0.135,-0.4600000000000001,1.5707963267948966,-1.5707963267948966,0.1861234290709457,0.059905523039055844,0.5600001990951108,0.18612355136817627,0.05990657250342751,0.56,1.0751608917383677e-06
31.400000000000002,0.1299999999999999,-0.45499999999999996,1.5707963267948966,-1.5707963267948966,0.18600682644770777,0.06953455454484253,0.560000200670314,0.1860069570138127,0.06953561127497043,0.56,1.08351033491183e-06
31.5,0.125,-0.45000000000000007,1.5707963267948966,-1.5707963267948966,0.1858902233474035,0.079163581225146,0.5600002031864068,0.18589036265944917,0.0791646500465135,0.56,1.0968462415404288e-06
31.6,0.11999999999999988,-0.44499999999999995,1.5707963267948966,-1.5707963267948966,0.1829852145876663,0.08597079709187247,0.5600000810574286,0.18298527176393778,0.08597122302158275,0.56,4.373277384756209e-07
31.700000000000003,0.11499999999999999,-0.44000000000000006,1.5707963267948966,-1.5707963267948966,0.1733556685443151,0.0859723640926039,0.5599997833848808,0.17335552712000513,0.08597122302158273,0.56,1.1700282136405356e-06
31.8,0.10999999999999988,-0.43499999999999994,1.5707963267948966,-1.5707963267948966,0.1637259151220982,0.08597235090704322,0.5599997860934082,0.16372578247607272,0.08597122302158273,0.56,1.1556282317858099e-06
31.900000000000002,0.10499999999999998,-0.43000000000000005,1.5707963267948966,-1.5707963267948966,0.15409616204062052,0.08597234166543258,0.5599997880209348,0.1540960378321401,0.08597122302158275,0.56,1.1453064801587825e-06
32.0,0.09999999999999987,-0.42499999999999993,1.5707963267948966,-1.5707963267948966,0.14446640902057428,0.08597233453315195,0.5599997895304456,0.14446629318820736,0.08597122302158275,0.56,1.13717744395792e-06
32.1,0.09499999999999997,-0.42000000000000004,1.5707963267948966,-1.5707963267948966,0.13483665578090231,0.08597232701859027,0.5599997911004192,0.1348365485442743,0.08597122302158273,0.56,1.1286931035122503e-06
32.2,0.08999999999999986,-0.4149999999999999,1.5707963267948966,-1.5707963267948966,0.12520690211160082,0.08597231651263895,0.559999793230133,0.12520680390034145,0.08597122302158272,0.56,1.1171937698658079e-06
32.300000000000004,0.08499999999999996,-0.41000000000000003,1.5707963267948966,-1.5707963267948966,0.11557714790639007,0.08597230055775248,0.5599997963890372,0.11557705925640893,0.08597122302158273,0.56,1.1001820033401654e-06
32.4,0.07999999999999985,-0.4049999999999999,1.5707963267948966,-1.5707963267948966,0.10594739319151714,0.08597227726968666,0.5599998009369243,0.1059473146124763,0.08597122302158273,0.56,1.0757508254414257e-06
32.5,0.07499999999999996,-0.4,1.5707963267948966,-1.5707963267948966,0.0963176381308135,0.08597224577021075,0.5599998070419969,0.09631756996854313,0.08597122302158273,0.56,1.0430214006293903e-06
32.6,0.07499999999999996,-0.40500000000000014,1.5707963267948966,-1.5707963267948966,0.08668783942941075,0.08597031455013099,0.5600001671729484,0.0866878253246105,0.08597122302158275,0.56,9.238323001072366e-07
32.7,0.07499999999999996,-0.41000000000000003,1.5707963267948966,-1.5707963267948966,0.07705811117657264,0.08597026540798258,0.5600001765585464,0.07705808068067799,0.08597122302158273,0.56,9.74231351924948e-07
32.800000000000004,0.07499999999999996,-0.41500000000000015,1.5707963267948966,-1.5707963267948966,0.06742838458669279,0.08597022170527964,0.5600001849825,0.06742833603674536,0.08597122302158273,0.56,1.0194164809045183e-06
32.9,0.07499999999999996,-0.42000000000000004,1.5707963267948966,-1.5707963267948966,0.057798659357594706,0.08597018239091286,0.5600001926437652,0.057798591392812626,0.08597122302158273,0.56,1.0604918778264072e-06
33.0,0.07499999999999996,-0.42500000000000016,1.5707963267948966,-1.5707963267948966,0.048168935280635636,0.08597014616829679,0.5600001997967365,0.04816884674887956,0.08597122302158273,0.56,1.0988037164095613e-06
33.1,0.07499999999999996,-0.43000000000000005,1.5707963267948966,-1.5707963267948966,0.03853921228511125,0.08597011111453197,0.5600002068145287,0.038539102104947154,0.08597122302158273,0.56,1.1363314689601132e-06
33.2,0.07499999999999996,-0.43500000000000016,1.5707963267948966,-1.5707963267948966,0.028909490478903857,0.08597007484638416,0.560000214159842,0.02890935746101453,0.08597122302158273,0.56,1.1755273214207457e-06
33.300000000000004,0.07499999999999996,-0.44000000000000006,1.5707963267948966,-1.5707963267948966,0.027998397399924692,0.07725310411325749,0.5599998633444228,0.027998457385268183,0.07725237845339669,0.56,7.408476373815894e-07
33.4,0.07499999999999996,-0.4450000000000002,1.5707963267948966,-1.5707963267948966,0.02799837700842845,0.06762355241907288,0.5599998272386463,0.027998457385268183,0.0676226338094635,0.56,9.381633845812095e-07
33.5,0.07499999999999996,-0.45000000000000007,1.5707963267948966,-1.5707963267948966,0.027998377259403198,0.057993803068058805,0.5599998281533741,0.027998457385268183,0.05799288916553087,0.56,9.333644773850805e-07
33.6,0.07499999999999996,-0.4550000000000002,1.5707963267948966,-1.5707963267948966,0.027998377497669067,0.04836405286412364,0.5599998292259843,0.027998457385268183,0.0483631445215981,0.56,9.277025043790314e-07
33.7,0.07499999999999996,-0.4600000000000001,1.5707963267948966,-1.5707963267948966,0.027998377811251383,0.038734300713873,0.5599998306673666,0.027998457385268183,0.03873339987766547,0.56,9.200605619784733e-07
33.800000000000004,0.07499999999999996,-0.4650000000000002,1.5707963267948966,-1.5707963267948966,0.027998378290190078,0.02910454556657085,0.5599998326801413,0.027998457385268183,0.02910365523373272,0.56,9.093649042937542e-07
33.9,0.07499999999999996,-0.4700000000000001,1.5707963267948966,-1.5707963267948966,0.027998379011212094,0.019474786604271224,0.5599998354226168,0.027998457385268183,0.01947391058979965,0.56,8.947790577346338e-07
34.0,0.07499999999999996,-0.4750000000000002,1.5707963267948966,-1.5707963267948966,0.02799838002677651,0.009845023370445308,0.5599998389848562,0.027998457385268183,0.0098441659458669,0.56,8.758350988916079e-07
34.1,0.07499999999999996,-0.4800000000000001,1.5707963267948966,-1.5707963267948966,0.027998381356774505,0.0002152558526453477,0.5599998433725326,0.027998457385268183,0.000214421301934137,0.56,8.52518260795596e-07
34.2,0.07499999999999996,-0.4850000000000002,1.5707963267948966,-1.5707963267948966,0.027998382986750732,-0.009414515535112997,0.5599998485100468,0.027998457385268183,-0.009415323341998487,0.56,8.252492408829542e-07
34.300000000000004,0.07499999999999996,-0.4900000000000001,1.5707963267948966,-1.5707963267948966,0.02799838487223573,-0.019044290021114373,0.559999854253369,0.027998457385268183,-0.01904506798593167,0.56,7.948141149363659e-07
34.4,0.07499999999999996,-0.4949999999999998,1.5707963267948966,-1.5707963267948966,0.02799838694889824,-0.02867406664152857,0.5599998604214974,0.027998457385268183,-0.02867481262986385,0.56,7.621955372357599e-07
34.5,0.07499999999999996,-0.4999999999999999,1.5707963267948966,-1.5707963267948966,0.027998389144731184,-0.03830384439431121,0.5599998668254866,0.027998457385268183,-0.03830455727379661,0.56,7.284156660997238e-07
34.6,0.07499999999999996,-0.505,1.5707963267948966,-1.5707963267948966,0.02799839139028929,-0.0479336223632308,0.5599998732922382,0.027998457385268183,-0.04793430191772924,0.56,6.944094688975092e-07
34.7,0.07499999999999996,-0.5099999999999999,1.5707963267948966,-1.5707963267948966,0.027998393625271834,-0.05756339979315429,0.5599998796788851,0.027998457385268183,-0.057564046561661975,0.56,6.609478121362409e-07
34.800000000000004,0.07499999999999996,-0.5149999999999998,1.5707963267948966,-1.5707963267948966,0.02799839580211061,-0.06719317611807202,0.5599998858782185,0.027998457385268183,-0.06719379120559477,0.56,6.286087232679499e-07
34.9,0.07499999999999996,-0.5199999999999999,1.5707963267948966,-1.5707963267948966,0.027998397886292922,-0.07682295095385105,0.5599998918175195,0.027998457385268183,-0.07682353584952784,0.56,5.977846852063466e-07
35.0,0.07499999999999996,-0.525,1.5707963267948966,-1.5707963267948966,0.027998399854930557,-0.08645272407081897,0.5599998974533766,0.027998457385268183,-0.08645328049346059,0.56,5.687105641913897e-07
35.1,0.07000000000000006,-0.525,1.5707963267948966,-1.5707963267948966,0.02799832449640323,-0.09608191203479752,0.5599997971230423,0.027998457385268183,-0.09608302513739322,0.56,1.139217230820991e-06
35.2,0.06500000000000017,-0.525,1.5707963267948966,-1.5707963267948966,0.02799834113892572,-0.105711763552302,0.5599998192126393,0.027998457385268183,-0.10571276978132596,0.56,1.0289286324183338e-06
35.300000000000004,0.06000000000000005,-0.525,1.5707963267948966,-1.5707963267948966,0.02799835477167781,-0.11534159769997339,0.5599998382302404,0.027998457385268183,-0.11534251442525903,0.56,9.365277643588265e-07
35.4,0.054999999999999945,-0.525,1.5707963267948966,-1.5707963267948966,0.027998365950948637,-0.12497141713019935,0.5599998547109409,0.027998457385268183,-0.12497225906919177,0.56,8.592615506558154e-07
35.5,0.050000000000000044,-0.525,1.5707963267948966,-1.5707963267948966,0.02799837515066425,-0.1346012244013447,0.5599998691725221,0.027998457385268183,-0.13460200371312456,0.5600000000000002,7.94484241082629e-07
35.6,0.04500000000000015,-0.525,1.5707963267948966,-1.5707963267948966,0.02799838274782055,-0.14423102166484522,0.5599998820600756,0.027998457385268183,-0.14423174835705718,0.56,7.399744220600384e-07
35.7,0.040000000000000036,-0.525,1.5707963267948966,-1.5707963267948966,0.024136932990720138,-0.1499995914753971,0.5599999352311961,0.02413696438427826,-0.15,0.56,4.14816712094484e-07
35.800000000000004,0.03499999999999992,-0.525,1.5707963267948966,-1.5707963267948966,0.0145072530294433,-0.1500000202927518,0.5600000017614898,0.01450721974034519,-0.15,0.56,3.902643559393137e-08
35.9,0.030000000000000027,-0.525,1.5707963267948966,-1.5707963267948966,0.004877508915225353,-0.15000002386918565,0.5600000023897226,0.004877475096412565,-0.15,0.56,4.146276517624878e-08
36.0,0.025000000000000133,-0.525,1.5707963267948966,-1.5707963267948966,-0.0047522351266351195,-0.15000002738699242,0.5600000030150982,-0.0047522695475201715,-0.15,0.56,4.4090083905197545e-08
36.1,0.020000000000000014,-0.525,1.5707963267948966,-1.5707963267948966,-0.014381979092591611,-0.15000003089736136,0.5600000036437605,-0.014382014191452798,-0.15,0.56,4.6902601055556456e-08
36.2,0.014999999999999902,-0.525,1.5707963267948966,-1.5707963267948966,-0.0240117229828522,-0.15000003440169082,0.5600000042765003,-0.024011758835385977,-0.15,0.56,4.9871524586007e-08
36.300000000000004,0.010000000000000009,-0.525,1.5707963267948966,-1.5707963267948966,-0.03364146679752913,-0.15000003790144859,0.5600000049141153,-0.0336415034793186,-0.15,0.56,5.297378609030178e-08
36.4,0.0050000000000001155,-0.525,1.5707963267948966,-1.5707963267948966,-0.03586575334994277,-0.14259505045390447,0.5600000824078355,-0.03586579251831856,-0.14259454439506722,0.56,5.14218591423512e-07
36.5,0.0,-0.525,1.5707963267948966,-1.5707963267948966,-0.035865756944653465,-0.13296549215693163,0.560000116007572,-0.03586579251831856,-0.1329647997511345,0.5600000000000002,7.029573459751715e-07
36.6,-0.0050000000000001155,-0.525,1.5707963267948966,-1.5707963267948966,-0.03586576167527398,-0.12333580498485568,0.560000128692954,-0.03586579251831849,-0.12333505510720186,0.56,7.614654722907047e-07
36.7,-0.010000000000000009,-0.525,1.5707963267948966,-1.5707963267948966,-0.035865767222973084,-0.1137061272216896,0.5600001429626102,-0.035865792518318465,-0.11370531046326862,0.56,8.295616195633073e-07
36.800000000000004,-0.014999999999999902,-0.525,1.5707963267948966,-1.5707963267948966,-0.0358657738076613,-0.10407646070163978,0.5600001591751477,-0.035865792518318534,-0.104075565819336,0.56,9.091210887138326e-07
36.9,-0.020000000000000014,-0.525,1.5707963267948966,-1.5707963267948966,-0.03586578171923472,-0.09444680727342751,0.5600001776924107,-0.03586579251831856,-0.09444582117540326,0.56,1.0020381861249752e-06
37.0,-0.025000000000000133,-0.525,1.5707963267948966,-1.5707963267948966,-0.03586579131238868,-0.08481716832883687,0.5600001987901286,-0.03586579251831856,-0.08481607653147064,0.56,1.1097479256166438e-06
37.1,-0.030000000000000027,-0.525,1.5707963267948966,-1.5707963267948966,-0.035865802969191576,-0.07518754382610288,0.5600002224718854,-0.03586579251831856,-0.07518633188753746,0.56,1.2322329515460263e-06
37.2,-0.03499999999999992,-0.525,1.5707963267948966,-1.5707963267948966,-0.03586581697423617,-0.06555793058723197,0.5600002481521204,-0.03586579251831856,-0.06555658724360464,0.5599999999999999,1.3662904771214518e-06
37.300000000000004,-0.040000000000000036,-0.525,1.5707963267948966,-1.5707963267948966,-0.035865833293790506,-0.055928320566432974,0.5600002743240493,-0.03586579251831856,-0.05592684259967201,0.56,1.5037626373939273e-06
37.4,-0.04500000000000015,-0.525,1.5707963267948966,-1.5707963267948966,-0.03586585131925675,-0.0462987008744004,0.5600002985658901,-0.03586579251831856,-0.046297097955739275,0.56,1.6315475399710017e-06
37.5,-0.050000000000000044,-0.525,1.5707963267948966,-1.5707963267948966,-0.035865869857109704,-0.03666905812154732,0.5600003183612868,-0.03586579251831856,-0.03666735331180665,0.56,1.7360044497098167e-06
37.6,-0.05499999999999994,-0.5200000000000001,1.5707963267948966,-1.5707963267948966,-0.03586584970877811,-0.0270384721143883,0.5600001623514959,-0.03586579251831856,-0.02703760866787347,0.56,8.804366194240327e-07
37.7,-0.06000000000000005,-0.515,1.5707963267948966,-1.5707963267948966,-0.035865858572239506,-0.01740875036659277,0.5600001668210048,-0.03586579251831856,-0.017407864023940844,0.56,9.043205541919884e-07
37.800000000000004,-0.06500000000000017,-0.5099999999999999,1.5707963267948966,-1.5707963267948966,-0.03586586742514129,-0.00777902566781143,0.5600001707352769,-0.03586579251831856,-0.007778119380008109,0.56,9.252670691669368e-07
37.9,-0.07000000000000006,-0.505,1.5707963267948966,-1.5707963267948966,-0.03586587620922871,0.0018507015253711734,0.5600001741869179,-0.03586579251831856,0.0018516252639246835,0.56,9.43736279924629e-07
38.0,-0.07499999999999996,-0.5000000000000001,1.5707963267948966,-1.5707963267948966,-0.035865884934846715,0.011480430227562274,0.5600001773639464,-0.03586579251831856,0.011481369907857752,0.56,9.607277667660796e-07
38.1,-0.08000000000000007,-0.495,1.5707963267948966,-1.5707963267948966,-0.03586589366980908,0.02111015926790081,0.5600001804905562,-0.03586579251831856,0.02111111455179049,0.56,9.774332584789132e-07
38.2,-0.08500000000000019,-0.4899999999999999,1.5707963267948966,-1.5707963267948966,-0.03586590253623818,0.03073988736799946,0.560000183812529,-0.03586579251831856,0.030740859195723114,0.56,9.951583355949851e-07
38.300000000000004,-0.09000000000000008,-0.485,1.5707963267948966,-1.5707963267948966,-0.035865911706700115,0.040369613186269575,0.5600001875889262,-0.03586579251831856,0.04037060383965585,0.56,1.015278093557183e-06
38.400000000000006,-0.09499999999999997,-0.4800000000000001,1.5707963267948966,-1.5707963267948966,-0.035865921403785514,0.04999933531553062,0.560000192093226,-0.03586579251831856,0.05000034848358892,0.56,1.0392404848820972e-06
38.5,-0.10000000000000009,-0.475,1.5707963267948966,-1.5707963267948966,-0.03586593190621647,0.059629052226426636,0.5600001976240977,-0.03586579251831856,0.05963009312752168,0.56,1.0686249855399146e-06
38.6,-0.1050000000000002,-0.46999999999999986,1.5707963267948966,-1.5707963267948966,-0.035865943562832986,0.06925876218604411,0.5600002045223132,-0.03586579251831856,0.06925983777145446,0.56,1.1052274864872483e-06
38.7,-0.1100000000000001,-0.46499999999999997,1.5707963267948966,-1.5707963267948966,-0.0358659568222953,0.0788884630758203,0.5600002132058397,-0.03586579251831856,0.07888958241538709,0.56,1.1512487101417996e-06
38.800000000000004,-0.11499999999999999,-0.4600000000000001,1.5707963267948966,-1.5707963267948966,-0.038413975498528596,0.0859706991597074,0.5600000999167037,-0.03841389655605565,0.08597122302158273,0.56,5.391164309710189e-07
38.900000000000006,-0.1200000000000001,-0.45499999999999996,1.5707963267948966,-1.5707963267948966,-0.04804347370499294,0.08597241039857628,0.5599997742590379,-0.04804364119998872,0.08597122302158273,0.56,1.2201957549530546e-06
39.0,-0.12500000000000022,-0.44999999999999984,1.5707963267948966,-1.5707963267948966,-0.05767323155098443,0.08597236306524902,0.5599997836049617,-0.05767338584392134,0.08597122302158272,0.56,1.1706120980387659e-06
39.1,-0.13000000000000012,-0.44499999999999995,1.5707963267948966,-1.5707963267948966,-0.0673029878088893,0.08597232511753851,0.559999791097085,-0.06730313048785397,0.08597122302158273,0.56,1.1307578036965704e-06
39.2,-0.135,-0.44000000000000006,1.5707963267948966,-1.5707963267948966,-0.07693274291289544,0.08597229444532228,0.5599997971610132,-0.07693287513178682,0.08597122302158275,0.56,1.0984417688042e-06
39.300000000000004,-0.14000000000000012,-0.43499999999999994,1.5707963267948966,-1.5707963267948966,-0.0865624972535306,0.08597226885031607,0.5599998022254442,-0.08656261977571988,0.08597122302158275,0.56,1.0713935790595868e-06
39.400000000000006,-0.14500000000000024,-0.4299999999999998,1.5707963267948966,-1.5707963267948966,-0.09619225113733243,0.08597224639109971,0.5599998066679515,-0.09619236441965262,0.08597122302158273,0.56,1.0476141147174355e-06
39.5,-0.15000000000000013,-0.42499999999999993,1.5707963267948966,-1.5707963267948966,-0.10582200480025765,0.08597222530144075,0.5599998108301085,-0.10582210906358525,0.08597122302158273,0.56,1.02529069200818e-06
39.6,-0.15500000000000003,-0.42000000000000004,1.5707963267948966,-1.5707963267948966,-0.11545175840992693,0.08597220398682445,0.559999815019345,-0.11545185370751798,0.08597122302158275,0.56,1.0027922412053226e-06
39.7,-0.16000000000000014,-0.4149999999999999,1.5707963267948966,-1.5707963267948966,-0.1250815120631049,0.08597218108513363,0.5599998194978141,-0.12508159835145077,0.08597122302158275,0.56,9.787300369900282e-07
39.800000000000004,-0.16500000000000026,-0.4099999999999998,1.5707963267948966,-1.5707963267948966,-0.13471126578341464,0.08597215556860993,0.5599998244635588,-0.13471134299538384,0.08597122302158273,0.56,9.520602335651205e-07
39.900000000000006,-0.17000000000000015,-0.4049999999999999,1.5707963267948966,-1.5707963267948966,-0.14434101952597286,0.08597212684349922,0.5599998300319723,-0.14434108763931663,0.08597122302158273,0.56,9.221836122967044e-07
40.0,-0.17500000000000004,-0.4,1.5707963267948966,-1.5707963267948966,-0.15397077319090882,0.08597209480552956,0.5599998362255116,-0.15397083228324926,0.08597122302158273,0.56,8.890001336858607e-07
40.1,-0.17500000000000004,-0.4099999999999998,1.5707963267948966,-1.5707963267948966,-0.16360058058371413,0.08596957593047527,0.5600003033466668,-0.16360057692718194,0.08597122302158275,0.56,1.6747960134908184e-06
40.2,-0.17500000000000004,-0.4200000000000005,1.5707963267948966,-1.5707963267948966,-0.17323029499859235,0.08596948663978674,0.5600003205772617,-0.173230321571115,0.08597122302158273,0.56,1.765926844778946e-06
40.300000000000004,-0.17500000000000004,-0.43000000000000027,1.5707963267948966,-1.5707963267948966,-0.17608946084651939,0.07920005239628669,0.5600001066225495,-0.17608947165445418,0.07920062846098914,0.56,5.859485650808969e-07
40.400000000000006,-0.17500000000000004,-0.44000000000000006,1.5707963267948966,-1.5707963267948966,-0.17608947166885897,0.06957081728573983,0.560000012398843,-0.17608947165445415,0.06957088381705652,0.56,6.767678785835574e-08
40.5,-0.17500000000000004,-0.45000000000000073,1.5707963267948966,-1.5707963267948966,-0.17608947166639344,0.05994107269483825,0.5600000123917559,-0.17608947165445418,0.059941139173123784,0.56,6.762335545695907e-08
40.6,-0.17500000000000004,-0.4600000000000005,1.5707963267948966,-1.5707963267948966,-0.17608947166395386,0.05031132797342787,0.5600000124067197,-0.1760894716544542,0.050311394529191006,0.56,6.770226280920634e-08
40.7,-0.17500000000000004,-0.4699999999999994,1.5707963267948966,-1.5707963267948966,-0.17608947166148173,0.04068158325216792,0.5600000124216431,-0.17608947165445424,0.040681649885258825,0.56,6.778101555065283e-08
40.800000000000004,-0.17500000000000004,-0.4800000000000001,1.5707963267948966,-1.5707963267948966,-0.1760894716589676,0.031051838531065586,0.5600000124365283,-0.17608947165445427,0.03105190524132563,0.56,6.785960544108658e-08
40.900000000000006,-0.17500000000000004,-0.4899999999999999,1.5707963267948966,-1.5707963267948966,-0.17608947165640693,0.02142209381010092,0.5600000124514006,-0.1760894716544542,0.021422160597393006,0.56,6.793805829048951e-08
41.0,-0.17500000000000004,-0.49999999999999967,1.5707963267948966,-1.5707963267948966,-0.17608947165382155,0.011792349089233788,0.5600000124662377,-0.17608947165445424,0.011792415953460256,0.56,6.801640876600641e-08
41.1,-0.17500000000000004,-0.5099999999999995,1.5707963267948966,-1.5707963267948966,-0.17608947165119923,0.0021626043684411234,0.5600000124810792,-0.17608947165445427,0.00216267130952763,0.56,6.809468709499834e-08
41.2,-0.17500000000000004,-0.5200000000000001,1.5707963267948966,-1.5707963267948966,-0.17608947164853195,-0.007467140352299659,0.5600000124959116,-0.17608947165445424,-0.007467073334405577,0.56,6.817291226798903e-08
41.300000000000004,-0.17500000000000004,-0.5299999999999999,1.5707963267948966,-1.5707963267948966,-0.17608947164583205,-0.017096885073022573,0.5600000125107317,-0.1760894716544542,-0.017096817978338313,0.56,6.82511182125406e-08
41.400000000000006,-0.17500000000000004,-0.5399999999999997,1.5707963267948966,-1.5707963267948966,-0.17608947164309444,-0.026726629793757006,0.5600000125255479,-0.1760894716544542,-0.02672656262227094,0.56,6.832933497280167e-08
41.5,-0.17500000000000004,-0.5499999999999995,1.5707963267948966,-1.5707963267948966,-0.1760894716403254,-0.036356374514534745,0.5600000125403947,-0.1760894716544542,-0.0363563072662037,0.56,6.840759990426072e-08
41.6,-0.17500000000000004,-0.5600000000000002,1.5707963267948966,-1.5707963267948966,-0.1760894716375186,-0.04598611923538652,0.5600000125552407,-0.1760894716544542,-0.04598605191013633,0.56,6.848593773677242e-08
41.7,-0.17500000000000004,-0.57,1.5707963267948966,-1.5707963267948966,-0.17608947163467734,-0.05561586395632546,0.5600000125701166,-0.1760894716544542,-0.055615796554069064,0.56,6.856436674447797e-08
41.800000000000004,-0.17500000000000004,-0.5799999999999997,1.5707963267948966,-1.5707963267948966,-0.17608947163180255,-0.06524560867739766,0.560000012585007,-0.1760894716544542,-0.06524554119800169,0.56,6.864292966789728e-08
41.900000000000006,-0.17500000000000004,-0.5899999999999995,1.5707963267948966,-1.5707963267948966,-0.17608947162889044,-0.07487535339863077,0.5600000125999361,-0.1760894716544542,-0.07487528584193537,0.56,6.872165697264053e-08
42.0,-0.17500000000000004,-0.6000000000000002,1.5707963267948966,-1.5707963267948966,-0.17608947162594396,-0.08450509812005047,0.560000012614909,-0.1760894716544542,-0.08450503048586813,0.56,6.880057674033047e-08
42.1,-0.17500000000000004,-0.61,1.5707963267948966,-1.5707963267948966,-0.1760894716229656,-0.09413484284168433,0.5600000126299103,-0.17608947165445427,-0.09413477512980076,0.56,6.88797125490447e-08
42.2,-0.17500000000000004,-0.6199999999999998,1.5707963267948966,-1.5707963267948966,-0.17608947161995034,-0.10376458756357676,0.5600000126449656,-0.17608947165445424,-0.1037645197737335,0.56,6.895911247695974e-08
42.300000000000004,-0.17500000000000004,-0.6299999999999996,1.5707963267948966,-1.5707963267948966,-0.17608947161690677,-0.11339433228574673,0.5600000126600763,-0.1760894716544542,-0.11339426441766612,0.56,6.903879565605955e-08
42.400000000000006,-0.17500000000000004,-0.6400000000000002,1.5707963267948966,-1.5707963267948966,-0.17608947161382899,-0.12302407700822894,0.56000001267525,-0.1760894716544542,-0.12302400906159885,0.56,6.911879738575667e-08
42.5,-0.17500000000000004,-0.65,1.5707963267948966,-1.5707963267948966,-0.176089471610718,-0.1326538217310414,0.5600000126904853,-0.1760894716544542,-0.13265375370553148,0.56,6.919913531059313e-08
42.6,-0.17999999999999994,-0.6450000000000001,1.5707963267948966,-1.5707963267948966,-0.17608946674595377,-0.1422809323099681,0.5599995222734904,-0.1760894716544542,-0.14228349834946427,0.56,2.6101351320026315e-06
42.7,-0.18499999999999983,-0.6400000000000002,1.5707963267948966,-1.5707963267948966,-0.17800269279103642,-0.14999791589313968,0.5599996124560788,-0.17800271464785122,-0.14999999999999997,0.56,2.1199456163691383e-06
42.800000000000004,-0.19000000000000017,-0.6349999999999999,1.5707963267948966,-1.5707963267948966,-0.18763243380596561,-0.14999920208944828,0.5599998505584123,-0.18763245929178474,-0.15,0.56,8.121844394401562e-07
42.900000000000006,-0.19500000000000006,-0.63,1.5707963267948966,-1.5707963267948966,-0.19726218553675634,-0.14999923553777655,0.559999856952992,-0.19726220393571697,-0.15,0.56,7.779482369170239e-07
43.0,-0.19999999999999996,-0.6250000000000001,1.5707963267948966,-1.5707963267948966,-0.20689193681965543,-0.1499992698061969,0.5599998635125832,-0.2068919485796496,-0.15,0.56,7.429334441798041e-07
43.1,-0.20499999999999985,-0.6200000000000002,1.5707963267948966,-1.5707963267948966,-0.21652168760314325,-0.14999930458026078,0.5599998701730355,-0.21652169322358178,-0.15,0.56,7.074568847127743e-07
43.2,-0.2100000000000002,-0.6149999999999999,1.5707963267948966,-1.5707963267948966,-0.22615143785667308,-0.14999933926193282,0.5599998768229312,-0.22615143786751404,-0.15000000000000002,0.56,6.721215543840041e-07
43.300000000000004,-0.21500000000000008,-0.61,1.5707963267948966,-1.5707963267948966,-0.23578118757201283,-0.14999937332464874,0.5599998833638488,-0.23578118251144664,-0.15,0.56,6.374571334480008e-07
43.400000000000006,-0.21999999999999997,-0.6050000000000001,1.5707963267948966,-1.5707963267948966,-0.23995372322717318,-0.14454284871112538,0.5600000101892465,-0.23995372155804082,-0.1445427944026619,0.56,5.5281244117177766e-08
43.5,-0.22499999999999987,-0.6000000000000002,1.5707963267948966,-1.5707963267948966,-0.2399537274478437,-0.13491364031396882,0.5600001097884999,-0.2399537215580408,-0.13491304975872928,0.56,6.007026680725133e-07
43.6,-0.2300000000000002,-0.5949999999999999,1.5707963267948966,-1.5707963267948966,-0.2479938424560596,-0.12963049515150643,0.5600000086623238,-0.24799385817101532,-0.12963044402987262,0.56,5.417948993925984e-08
43.7,-0.2350000000000001,-0.59,1.5707963267948966,-1.5707963267948966,-0.2560515197491844,-0.12435737492545049,0.5600000089353331,-0.25605153590804636,-0.12435732243128231,0.56,5.56469827513733e-08
43.800000000000004,-0.24,-0.5850000000000001,1.5707963267948966,-1.5707963267948966,-0.2641091970420082,-0.11908425602340339,0.5600000094548321,-0.26410921364507667,-0.11908420083269247,0.56,5.8404368870274886e-08
43.900000000000006,-0.24499999999999988,-0.5800000000000002,1.5707963267948966,-1.5707963267948966,-0.2721668743006207,-0.11381113713343927,0.5600000099774987,-0.27216689138210703,-0.11381107923410264,0.56,6.118546262106205e-08
44.0,-0.2500000000000002,-0.5749999999999998,1.5707963267948966,-1.5707963267948966,-0.2802245515248245,-0.1085380182557996,0.5600000105034508,-0.28022456911913735,-0.10853795763551277,0.56,6.398985464977908e-08
44.1,-0.2550000000000001,-0.57,1.5707963267948966,-1.5707963267948966,-0.2882822287143988,-0.10326489939094909,0.5600000110328357,-0.28828224685616766,-0.10326483603692295,0.56,6.681751168371317e-08
44.2,-0.26,-0.5650000000000001,1.5707963267948966,-1.5707963267948966,-0.29633990586910863,-0.09799178053932951,0.5600000115657997,-0.296339924593198,-0.09799171443833311,0.56,6.96685077345802e-08
44.300000000000004,-0.2649999999999999,-0.5600000000000002,1.5707963267948966,-1.5707963267948966,-0.30439758298781666,-0.0927186617008022,0.5600000121027418,-0.3043976023302282,-0.09271859283974332,0.56,7.254275065140625e-08
44.400000000000006,-0.27000000000000024,-0.5549999999999998,1.5707963267948966,-1.5707963267948966,-0.3124552600729515,-0.08744554287740115,0.5600000126430245,-0.31245528006725853,-0.08744547124115347,0.56,7.544117153431108e-08
44.5,-0.27500000000000013,-0.5499999999999999,1.5707963267948966,-1.5707963267948966,-0.3205129371215712,-0.08217242406779846,0.5600000131875436,-0.3205129578042889,-0.08217234964256363,0.56,7.836326750224608e-08
44.6,-0.28,-0.545,1.5707963267948966,-1.5707963267948966,-0.3285706141343051,-0.07689930527282829,0.5600000137361544,-0.32857063554131993,-0.0768992280439733,0.56,8.13095213537851e-08
44.7,-0.2849999999999999,-0.5400000000000001,1.5707963267948966,-1.5707963267948966,-0.33662829111088,-0.07162618649275113,0.560000014288971,-0.33662831327835024,-0.0716261064453835,0.56,8.42802022415017e-08
44.800000000000004,-0.29000000000000026,-0.5349999999999998,1.5707963267948966,-1.5707963267948966,-0.3446859680510215,-0.06635306772775575,0.5600000148460903,-0.34468599101538056,-0.06635298484679372,0.56,8.727555241659895e-08
44.900000000000006,-0.29500000000000015,-0.5299999999999999,1.5707963267948966,-1.5707963267948966,-0.35274364495373856,-0.06107994897758849,0.5600000154078323,-0.35274366875241087,-0.061079863248203844,0.56,9.029565598501828e-08
45.0,-0.30000000000000004,-0.525,1.5707963267948966,-1.5707963267948966,-0.360801321820249,-0.05580683024320257,0.5600000159737928,-0.3608013464894411,-0.05580674164961401,0.56,9.3341068288179e-08
45.1,-0.30999999999999983,-0.525,1.5707963267948966,-1.5707963267948966,-0.3688589485685528,-0.05053433788397152,0.5600001338678445,-0.36885902422647143,-0.050533620051024165,0.56,7.341177431085264e-07
45.2,-0.3200000000000005,-0.525,1.5707963267948966,-1.5707963267948966,-0.3769166268804682,-0.045261242999899254,0.5600001389767121,-0.3769167019635017,-0.04526049845243438,0.56,7.611195148336784e-07
45.300000000000004,-0.3300000000000003,-0.525,1.5707963267948966,-1.5707963267948966,-0.38497430548960115,-0.03998814658941477,0.560000143785641,-0.38497437970053205,-0.03998737685384453,0.56,7.865585934327876e-07
45.400000000000006,-0.3400000000000001,-0.525,1.5707963267948966,-1.5707963267948966,-0.3930319843644262,-0.034715048569456675,0.5600001482782708,-0.3930320574375623,-0.03471425525525469,0.56,8.103539670231547e-07
45.5,-0.34999999999999987,-0.525,1.5707963267948966,-1.5707963267948966,-0.40108966347100905,-0.02944194891004796,0.5600001524520689,-0.4010897351745934,-0.029441133656664353,0.56,8.324788987055551e-07
45.6,-0.36000000000000054,-0.525,1.5707963267948966,-1.5707963267948966,-0.4091473427583378,-0.024168847803746403,0.5600001563466169,-0.40914741291162376,-0.024168012058074534,0.56,8.531333871013495e-07
45.7,-0.37000000000000033,-0.525,1.5707963267948966,-1.5707963267948966,-0.41720502216592076,-0.018895745652171152,0.5600001600410217,-0.4172050906486541,-0.018894890459484705,0.56,8.727299377982377e-07
45.800000000000004,-0.3800000000000001,-0.525,1.5707963267948966,-1.5707963267948966,-0.4252627016279634,-0.013622643049924978,0.5600001636508254,-0.42526276838568433,-0.013621768860894888,0.56,8.918770353939614e-07
45.900000000000006,-0.3899999999999999,-0.525,1.5707963267948966,-1.5707963267948966,-0.4333203810799698,-0.008349540742315566,0.5600001673206897,-0.4333204461227147,-0.008348647262305053,0.56,9.113359978796883e-07
46.0,-0.4000000000000006,-0.525,1.5707963267948966,-1.5707963267948966,-0.44137806046182865,-0.003076439615846936,0.5600001712215099,-0.441378123859745,-0.0030755256637152095,0.56,9.320110516110983e-07
46.1,-0.41000000000000036,-0.525,1.5707963267948966,-1.5707963267948966,-0.44943573972043477,0.0021966593314159504,0.560000175545745,-0.44943580159677526,0.0021975959348745746,0.56,9.549193833966614e-07
46.2,-0.42000000000000015,-0.525,1.5707963267948966,-1.5707963267948966,-0.45749341880917943,0.007469754970492442,0.5600001805108593,-0.4574934793338056,0.007470717533464416,0.56,9.812109231434191e-07
46.300000000000004,-0.42999999999999994,-0.525,1.5707963267948966,-1.5707963267948966,-0.46555109768814806,0.012742846025337606,0.5600001863631611,-0.4655511570708359,0.012743839132054235,0.56,1.0121850038464016e-06
46.400000000000006,-0.4400000000000006,-0.525,1.5707963267948966,-1.5707963267948966,-0.47360877631929027,0.018015930971370563,0.5600001933972305,-0.473608834807867,0.018016960730644578,0.56,1.0493939035324293e-06
46.5,-0.4500000000000004,-0.525,1.5707963267948966,-1.5707963267948966,-0.48166645466454566,0.023289007936637757,0.5600002019751178,-0.48166651254489734,0.023290082329234407,0.56,1.0947435932825555e-06
46.6,-0.4600000000000002,-0.525,1.5707963267948966,-1.5707963267948966,-0.48972413267992304,0.02856207449785804,0.5600002125663307,-0.48972419028192765,0.02856320392782426,0.56,1.1507017356636409e-06
46.7,-0.47,-0.525,1.5707963267948966,-1.5707963267948966,-0.4977818103092491,0.03383512737082944,0.5600002258078587,-0.49778186801895785,0.033836325526414045,0.56,1.2206131264307088e-06
46.800000000000004,-0.48000000000000065,-0.525,1.5707963267948966,-1.5707963267948966,-0.5058394874740066,0.039108161892839464,0.5600002426051786,-0.5058395457559882,0.03910944712500389,0.56,1.3092271684014093e-06
46.900000000000006,-0.48999999999999955,-0.525,1.5707963267948966,-1.5707963267948966,-0.5138971640568919,0.04438117111295945,0.5600002643090803,-0.5138972234930185,0.0443825687235937,0.56,1.4236247497283102e-06
47.0,-0.49999999999999933,-0.525,1.5707963267948966,-1.5707963267948966,-0.521954839872013,0.04965414408892041,0.5600002930484239,-0.5219549012300487,0.04965569032218352,0.56,1.5749538060598826e-06
47.1,-0.51,-0.525,1.5707963267948966,-1.5707963267948966,-0.5300125146085084,0.054927062474640534,0.5600003323950629,-0.5300125789670791,0.05492881192077337,0.56,1.7819063597983452e-06
47.2,-0.5199999999999998,-0.525,1.5707963267948966,-1.5707963267948966,-0.5356793256051566,0.055767852686174416,0.5600000464842896,-0.5356793207433308,0.055768093907380425,0.56,2.457073396385668e-07
47.300000000000004,-0.5299999999999996,-0.525,1.5707963267948966,-1.5707963267948966,-0.5357007591275252,0.04614131638448088,0.5599994459939389,-0.5357006811360996,0.04613837295394829,0.56,2.996128948896879e-06
47.400000000000006,-0.5400000000000003,-0.525,1.5707963267948966,-1.5707963267948966,-0.5357220681445871,0.03651107982900616,0.5599995455198804,-0.5357220415288684,0.03650865200051641,0.56,2.4701440750033417e-06
47.5,-0.55,-0.525,1.5707963267948966,-1.5707963267948966,-0.5357433905037695,0.026881032532620815,0.5599996082832167,-0.5357434019216372,0.02687893104708428,0.56,2.137712297368931e-06
47.6,-0.55,-0.5299999999999999,1.5707963267948966,-1.5707963267948966,-0.5357647412658699,0.017250173009287925,0.5599998197784034,-0.5357647623144058,0.0172492100936524,0.56,9.798619218553836e-07
47.7,-0.55,-0.5349999999999998,1.5707963267948966,-1.5707963267948966,-0.5357861018231822,0.007620413438742146,0.5599998272004767,-0.5357861227071746,0.007619489140220268,0.56,9.405442966488407e-07
47.800000000000004,-0.55,-0.5399999999999997,1.5707963267948966,-1.5707963267948966,-0.5358074622792904,-0.0020093400179031287,0.5599998334485723,-0.5358074830999433,-0.0020102318132125176,0.56,9.074534431710479e-07
47.900000000000006,-0.55,-0.545,1.5707963267948966,-1.5707963267948966,-0.535828822670395,-0.011639088951571678,0.5599998388233759,-0.5358288434927122,-0.011639952766644417,0.56,8.789698248286988e-07
48.0,-0.55,-0.5499999999999999,1.5707963267948966,-1.5707963267948966,-0.5358501830225694,-0.021268834398287414,0.5599998435248633,-0.5358502038854809,-0.021269673720076543,0.56,8.540379354573409e-07
48.1,-0.55,-0.5549999999999998,1.5707963267948966,-1.5707963267948966,-0.5358715433590879,-0.030898577222420877,0.5599998477197898,-0.5358715642782497,-0.030899394673508444,0.56,8.31777106150637e-07
48.2,-0.55,-0.5600000000000002,1.5707963267948966,-1.5707963267948966,-0.5358929037016303,-0.04052831815873344,0.5599998515501369,-0.5358929246710185,-0.04052911562694057,0.56,8.114386104380393e-07
48.300000000000004,-0.55,-0.5650000000000001,1.5707963267948966,-1.5707963267948966,-0.5359142640700162,-0.0501580578370889,0.5599998551376565,-0.5359142850637872,-0.05015883658037247,0.56,7.923805517029553e-07
48.400000000000006,-0.55,-0.57,1.5707963267948966,-1.5707963267948966,-0.5359356244822677,-0.05978779679319646,0.5599998585860406,-0.535935645456556,-0.059788557533804604,0.56,7.740569110700994e-07
48.5,-0.55,-0.5749999999999998,1.5707963267948966,-1.5707963267948966,-0.5359569849537988,-0.06941753547155083,0.559999861981712,-0.5359570058493248,-0.0694182784872365,0.56,7.560145368902016e-07
48.6,-0.55,-0.5799999999999997,1.5707963267948966,-1.5707963267948966,-0.5359783454969611,-0.07904727422269955,0.5599998653933103,-0.5359783662420935,-0.07904799944066863,0.56,7.378959439733168e-07
48.7,-0.55,-0.5850000000000001,1.5707963267948966,-1.5707963267948966,-0.5359997061203661,-0.08867701329939556,0.5599998688708627,-0.5359997266348623,-0.08867772039410139,0.56,7.194432696344545e-07
48.800000000000004,-0.55,-0.59,1.5707963267948966,-1.5707963267948966,-0.5360210668284288,-0.09830675285534435,0.5599998724457499,-0.536021087027631,-0.09830744134753328,0.5599999999999999,7.004995279722758e-07
48.900000000000006,-0.55,-0.5949999999999999,1.5707963267948966,-1.5707963267948966,-0.5360424276211941,-0.10793649294819768,0.5599998761311138,-0.5360424474203997,-0.10793716230096542,0.56,6.810056073245965e-07
49.0,-0.55,-0.6000000000000002,1.5707963267948966,-1.5707963267948966,-0.5360637884950292,-0.11756623355335348,0.5599998799243059,-0.5360638078131685,-0.11756688325439732,0.56,6.609862397976189e-07
49.1,-0.55,-0.6050000000000001,1.5707963267948966,-1.5707963267948966,-0.5360851494423617,-0.1271959745730331,0.5599998838088192,-0.5360851682059373,-0.12719660420782944,0.56,6.405407395592184e-07
49.2,-0.55,-0.61,1.5707963267948966,-1.5707963267948966,-0.5361065104534943,-0.13682571586091702,0.5599998877587852,-0.536106528598706,-0.13682632516126134,0.56,6.198179156890565e-07
49.300000000000004,-0.55,-0.6149999999999999,1.5707963267948966,-1.5707963267948966,-0.5361278715170023,-0.1464554572415574,0.5599998917426546,-0.5361278889914748,-0.14645604611469348,0.56,5.989963108676484e-07
49.400000000000006,-0.55,-0.6199999999999998,1.5707963267948966,-1.5707963267948966,-0.5422215075430674,-0.1500001664703819,0.5600000287270963,-0.5422215321364023,-0.14999999999999997,0.56,1.7071164646826288e-07
49.5,-0.55,-0.6250000000000001,1.5707963267948966,-1.5707963267948966,-0.5518512324979039,-0.15000064229651233,0.5600001151943877,-0.551851276780335,-0.15,0.56,6.540454803893468e-07
49.6,-0.55,-0.63,1.5707963267948966,-1.5707963267948966,-0.5614809646780591,-0.15000068837693842,0.5600001241518412,-0.561481021424268,-0.15,0.56,7.017810351119596e-07
49.7,-0.55,-0.6349999999999999,1.5707963267948966,-1.5707963267948966,-0.5711106951988044,-0.15000073544541914,0.5600001333451008,-0.5711107660682002,-0.15,0.56,7.507884866571893e-07
49.800000000000004,-0.55,-0.6400000000000002,1.5707963267948966,-1.5707963267948966,-0.5807404240356562,-0.15000078333169758,0.5600001427470471,-0.5807405107121328,-0.15,0.56,8.00935752419613e-07
49.900000000000006,-0.55,-0.6450000000000001,1.5707963267948966,-1.5707963267948966,-0.5903701511761585,-0.15000083187398458,0.5600001523356852,-0.5903702553560651,-0.15,0.56,8.520997242966125e-07
50.0,-0.55,-0.65,1.5707963267948966,-1.5707963267948966,-0.5999998766028068,-0.15000088109351067,0.5600001621249259,-0.5999999999999978,-0.15,0.56,9.043434816801875e-07
