i,t,base_x,base_y,base_yaw,openrave_model_yaw,ee_x,ee_y,ee_z,q1,q2,q3,q4,q5,q6
0,0.0,-0.55,-0.4,1.5707963267948966,-1.5707963267948966,-0.6,-0.15,0.56,2.941027377422334,-0.530511629228295,2.087867205660497,-3.128151898321831,-1.570796328090598,-0.17978869225527017
1,0.1,-0.55,-0.4,1.5707963267948966,-1.5707963267948966,-0.6,-0.14037025535606729,0.56,2.947013312112651,-0.5287793351606138,2.0395977396018563,-3.081616397428822,-1.5707958684419672,-0.17264241944586084
2,0.2,-0.5500000000000002,-0.4,1.5707963267948966,-1.5707963267948966,-0.6,-0.13074051071213458,0.56,2.9526241936537243,-0.5249898095206372,1.9904688526468657,-3.0362770161924937,-1.5707958847602645,-0.1658325314394912
3,0.30000000000000004,-0.55,-0.4,1.5707963267948966,-1.5707963267948966,-0.6,-0.12111076606820184,0.56,2.9578837285832975,-0.5192974848655891,1.9404351053869988,-2.991935584104493,-1.5707958972033547,-0.15928565799771802
4,0.4,-0.55,-0.4,1.5707963267948966,-1.5707963267948966,-0.6,-0.11148102142426913,0.56,2.962814766075213,-0.5118281317880923,1.8894363310955895,-2.9484061632181695,-1.5707959062505685,-0.15293560147149407
5,0.5,-0.55,-0.4000000000000001,1.5707963267948966,-1.5707963267948966,-0.6,-0.10185127678033642,0.56,2.967438111890602,-0.502681884864766,1.8374006998503827,-2.9055167885676036,-1.5707959122713024,-0.14672182129156872
6,0.6000000000000001,-0.55,-0.4,1.5707963267948966,-1.5707963267948966,-0.6,-0.09222153213640369,0.56,2.9717724071020846,-0.4919357162690343,1.7842435161317272,-2.8631057923093928,-1.5707959155009164,-0.14058717311497834
7,0.7000000000000001,-0.55,-0.4,1.5707963267948966,-1.5707963267948966,-0.6,-0.08259178749247098,0.56,2.9758339128726834,-0.4796451565543756,1.7298655051278635,-2.821018369238618,-1.5707959160635354,-0.1344751209607173
8,0.8,-0.55,-0.39999999999999997,1.5707963267948966,-1.5707963267948966,-0.6,-0.07296204284853827,0.56,2.979636473686708,-0.4658452796370196,1.674150395011359,-2.779103174096739,-1.5707959139760248,-0.12832766090898867
9,0.9,-0.55,-0.4,1.5707963267948966,-1.5707963267948966,-0.6,-0.06333229820460556,0.56,2.9831913380661126,-0.45055095444046,1.616961694560788,-2.7372088475901095,-1.570795909150552,-0.12208251440766926
10,1.0,-0.55,-0.4,1.5707963267948966,-1.5707963267948966,-0.6,-0.05370255356067284,0.56,2.9865069277789633,-0.43375629297307566,1.5581383710174919,-2.6951802462419154,-1.570795901383342,-0.11566991574091516
11,1.1,-0.55,-0.4,1.5707963267948966,-1.5707963267948966,-0.6,-0.04407280891674013,0.56,2.989588534216706,-0.41543315372904166,1.4974890250437707,-2.652854114068402,-1.5707958903308332,-0.10900882619517484
12,1.2000000000000002,-0.55,-0.4,1.5707963267948966,-1.5707963267948966,-0.6,-0.0344430642728074,0.56,2.9924375256242826,-0.395528496986293,1.434784090655777,-2.610053927399823,-1.570795875478096,-0.10200020571846523
13,1.3,-0.55,-0.4,1.5707963267948966,-1.5707963267948966,-0.6,-0.024813319628874706,0.56,2.9950504826499715,-0.3739601528454868,1.3697450017137567,-2.5665832936233675,-1.5707958560668935,-0.09451920551962505
14,1.4000000000000001,-0.55,-0.4,1.5707963267948966,-1.5707963267948966,-0.6,-0.015183574984941967,0.56,2.9974175482298686,-0.3506104184257937,1.3020291101613817,-2.5222172726905154,-1.5707958309953667,-0.08640207219682561
15,1.5,-0.55,-0.4,1.5707963267948966,-1.5707963267948966,-0.6,-0.005553830341009258,0.56,2.999519660779918,-0.32531647094090493,1.231208189892544,-2.4766904686641196,-1.5707957986469447,-0.07742500496237122
16,1.6,-0.55,-0.4,1.5707963267948966,-1.5707963267948966,-0.6,0.00407591430292345,0.56,3.0013239675355905,-0.29785593166125895,1.1567370392394971,-2.4296800695309453,-1.5707957565880835,-0.06726957222858282
17,1.7000000000000002,-0.55,-0.4,1.5707963267948966,-1.5707963267948966,-0.6000000000000001,0.013705658946856186,0.56,3.0027752118617106,-0.26792498553315997,1.0779069248054416,-2.3807811736721236,-1.5707957010439693,-0.055459127849113304
18,1.8,-0.55,-0.4,1.5707963267948966,-1.5707963267948966,-0.6,0.023335403590788867,0.56,3.003779280092369,-0.23510489655335556,0.9937755890888983,-2.329470286308996,-1.5707956258978948,-0.04123791028872862
19,1.9000000000000001,-0.55,-0.4,1.5707963267948966,-1.5707963267948966,-0.6,0.03296514823472162,0.56,3.004169068727456,-0.19881164321172576,0.90306427645332,-2.2750527181747753,-1.5707955207058883,-0.023320885757157957
20,2.0,-0.55,-0.4,1.5707963267948966,-1.5707963267948966,-0.6,0.042594892878654325,0.56,3.0036267739737728,-0.15822939485837903,0.8040284732254213,-2.2165998655774133,-1.5707953665785812,0.0006760499911328251
21,2.1,-0.55,-0.4,1.5707963267948966,-1.5707963267948966,-0.6,0.052224637522587075,0.56,3.001486646478573,-0.1122890551043123,0.6944510455493662,-2.1529638347982067,-1.5707951280761348,0.03568892045484261
22,2.2,-0.55,-0.4,1.5707963267948966,-1.5707963267948966,-0.6000000000000001,0.06185438216651977,0.56,2.99623471595312,-0.060165124184148155,0.5728332470978231,-2.083471598422852,-1.5707947461173133,0.0929700162626929
23,2.3000000000000003,-0.55,-0.4,1.5707963267948966,-1.5707963267948966,-0.6,0.0714841268104525,0.56,2.9849885500611175,-0.0045980683356823746,0.44583308295981844,-2.012040565494111,-1.5707942255261778,0.1948035268539389
24,2.4000000000000004,-0.55,-0.4,1.5707963267948966,-1.5707963267948966,-0.6,0.08111387145438526,0.56,2.9673944138678645,0.04328441808130664,0.33826991496524306,-1.952360607120776,-1.5707939706546739,0.3492497565468687
25,2.5,-0.55,-0.4,1.5707963267948966,-1.5707963267948966,-0.6,0.09074361609831795,0.56,2.9492614912063764,0.07669269110864878,0.26413112659577986,-1.9116286932641415,-1.5707942236414851,0.5216404792370589
26,2.6,-0.545,-0.4,1.5707963267948966,-1.5707963267948966,-0.6,0.10037336074225062,0.56,2.9435093597341253,0.10001257271058668,0.2127879358927518,-1.883604021628566,-1.5707944512572551,0.6972186229054015
27,2.7,-0.54,-0.4,1.5707963267948966,-1.5707963267948966,-0.6,0.11000310538618335,0.56,2.941359146916957,0.1165625460551134,0.1765429021174861,-1.8639077722325867,-1.5707947128753774,0.8628227559982595
28,2.8000000000000003,-0.535,-0.4,1.5707963267948966,-1.5707963267948966,-0.5999999999999999,0.11963285003011609,0.56,2.94243044986942,0.1291790771564071,0.14901605523245148,-1.8489967583027374,-1.5707948664685085,1.0212719173569396
29,2.9000000000000004,-0.53,-0.4,1.5707963267948966,-1.5707963267948966,-0.6,0.12926259467404883,0.56,2.9463490394862917,0.1393816383375417,0.12682009171353903,-1.8370029895396944,-1.5707949439645967,1.1759640599679626
30,3.0,-0.525,-0.4,1.5707963267948966,-1.5707963267948966,-0.6,0.13889233931798148,0.56,2.95288808894427,0.1480346760881503,0.10803922141417886,-1.826875037083929,-1.5707949630124096,1.330097363283177
31,3.1,-0.52,-0.4,1.5707963267948966,-1.5707963267948966,-0.6,0.14852208396191421,0.56,2.961980161954018,0.15567219511791439,0.09149556945847914,-1.8179690075183021,-1.5707949275176627,1.4868851984723674
32,3.2,-0.515,-0.4,1.5707963267948966,-1.5707963267948966,-0.591848171394153,0.15,0.56,2.9563896861465704,0.15643798452863295,0.08983843675011613,-1.8170732492065733,-1.570796212242764,1.5027576630934631
33,3.3000000000000003,-0.51,-0.4,1.5707963267948966,-1.5707963267948966,-0.5822184267502204,0.15,0.56,2.9478710601487674,0.1559742367796711,0.09084190323172835,-1.8176121667809402,-1.5707964464528894,1.493088708481796
34,3.4000000000000004,-0.505,-0.4,1.5707963267948966,-1.5707963267948966,-0.5725886821062877,0.15,0.56,2.939359300960628,0.15553674204042692,0.09178867500108247,-1.8181214632906193,-1.5707964410994772,1.4840227631674863
35,3.5,-0.5,-0.4,1.5707963267948966,-1.5707963267948966,-0.5629589374623548,0.14999999999999997,0.56,2.9308539153130084,0.1551263005198447,0.09267699279754643,-1.8185993591517107,-1.5707964357091146,1.4755657428519964
36,3.6,-0.49500000000000005,-0.4,1.5707963267948966,-1.5707963267948966,-0.5533291928184223,0.15,0.56,2.9223543175634386,0.1547434159481361,0.09350574881247165,-1.8190452500277818,-1.5707964303561694,1.4677153204555193
37,3.7,-0.49000000000000005,-0.4,1.5707963267948966,-1.5707963267948966,-0.5436994481744895,0.15,0.56,2.9138600560091694,0.15438856906642154,0.09427388577344815,-1.8194585594090122,-1.5707964250347803,1.4604695223625297
38,3.8000000000000003,-0.48500000000000004,-0.4,1.5707963267948966,-1.5707963267948966,-0.5359010087117888,0.14794733224933193,0.56,2.9084451121217505,0.152558213191007,0.09823712574393056,-1.8215905608678027,-1.5707966564324416,1.4249929110179251
39,3.9000000000000004,-0.48000000000000004,-0.4,1.5707963267948966,-1.5707963267948966,-0.5348068902980734,0.13837994562580092,0.56,2.915811885955354,0.14416099311254135,0.11644236172988329,-1.8313953274005192,-1.5707975010609339,1.2866254686102594
40,4.0,-0.47500000000000003,-0.4,1.5707963267948966,-1.5707963267948966,-0.530074139168463,0.13105562790656272,0.56,2.9181131094310357,0.13662117409794408,0.1328207272957136,-1.84023474769999,-1.5707972785677216,1.1778750738271715
41,4.1000000000000005,-0.47000000000000003,-0.4,1.5707963267948966,-1.5707963267948966,-0.5220181234762993,0.12577996746686765,0.56,2.9146632804558874,0.13019528214840806,0.14680362988464418,-1.847792522701049,-1.570797090249371,1.0945708270982866
42,4.2,-0.465,-0.4,1.5707963267948966,-1.5707963267948966,-0.5139621077841358,0.12050430702717255,0.56,2.9119580883052123,0.12292057459229234,0.16266101274449962,-1.856375105098907,-1.5707971081583103,1.0110199125259804
43,4.3,-0.4600000000000001,-0.4,1.5707963267948966,-1.5707963267948966,-0.505906092091972,0.11522864658747747,0.56,2.9100134457365883,0.11454870388150942,0.18094643329150034,-1.8662885206223052,-1.5707971353263794,0.9268957229412985
44,4.4,-0.45500000000000007,-0.4,1.5707963267948966,-1.5707963267948966,-0.4978500763998084,0.10995298614778237,0.56,2.90883893146,0.10474547881955251,0.20240853230917372,-1.8779472145822078,-1.570797172315461,0.8419963753496893
45,4.5,-0.45000000000000007,-0.4,1.5707963267948966,-1.5707963267948966,-0.48979406070764475,0.10467732570808728,0.56,2.9084200351631546,0.09306722094390406,0.22804797442687863,-1.8919081702443763,-1.5707972191985151,0.7563478959099269
46,4.6000000000000005,-0.44500000000000006,-0.4,1.5707963267948966,-1.5707963267948966,-0.481738045015481,0.09940166526839218,0.56,2.908684367482371,0.07895429699082135,0.25914025705411947,-1.908887256462894,-1.5707972740513854,0.670414795870838
47,4.7,-0.44000000000000006,-0.4,1.5707963267948966,-1.5707963267948966,-0.4736820293233173,0.09412600482869707,0.56,2.9094476728717105,0.061796217886372656,0.2971048468626653,-1.9296934749582775,-1.5707973303382832,0.5854184042830479
48,4.800000000000001,-0.43500000000000005,-0.4,1.5707963267948966,-1.5707963267948966,-0.46562601363115375,0.08885034438900197,0.56,2.9103580330107395,0.041152815612643445,0.3430284539594427,-1.9549734257178,-1.570797374139014,0.5036097845862382
49,4.9,-0.43000000000000005,-0.4,1.5707963267948966,-1.5707963267948966,-0.45756999793899006,0.08357468394930688,0.56,2.9109082115914022,0.017130109133282685,0.396826891648199,-1.984749027626626,-1.5707973863591462,0.4280290806307267
50,5.0,-0.42500000000000004,-0.4,1.5707963267948966,-1.5707963267948966,-0.44951398224682637,0.07829902350961178,0.56,2.9105859560072416,-0.009399940089554113,0.4567148608048599,-2.01810700773503,-1.570797354844617,0.36139825322948543
51,5.1000000000000005,-0.42000000000000004,-0.405,1.5707963267948966,-1.5707963267948966,-0.44145796655466274,0.0730233630699167,0.56,2.9047163745761395,-0.011310620997898445,0.4610470652456117,-2.020532466500468,-1.570796429298205,0.3558810354915091
52,5.2,-0.41500000000000004,-0.41000000000000003,1.5707963267948966,-1.5707963267948966,-0.4334019508624991,0.06774770263022166,0.56,2.8988104900309635,-0.013126294279720672,0.46516741699102454,-2.0228371621682886,-1.5707964252292685,0.35066609987862957
53,5.300000000000001,-0.41000000000000003,-0.41500000000000004,1.5707963267948966,-1.5707963267948966,-0.4253459351703355,0.06247204219052657,0.56,2.892871837163639,-0.014856463726407748,0.4690960841468769,-2.025035675191976,-1.570796421620377,0.3457187514281979
54,5.4,-0.405,-0.42000000000000004,1.5707963267948966,-1.5707963267948966,-0.4172899194781718,0.057196381750831464,0.56,2.886901444551099,-0.01649929297259515,0.4728285633329367,-2.0271253404448455,-1.5707964180213658,0.3410330588945622
55,5.5,-0.4,-0.42500000000000004,1.5707963267948966,-1.5707963267948966,-0.4092339037860081,0.0519207213111364,0.56,2.8809003421527355,-0.018053111912801557,0.4763607345530378,-2.0291037080258314,-1.5707964144338273,0.3366032962783302
56,5.6000000000000005,-0.395,-0.43000000000000005,1.5707963267948966,-1.5707963267948966,-0.4011778880938444,0.04664506087144129,0.56,2.8748695560996618,-0.019516409767842236,0.4796888474370769,-2.0309685383352787,-1.570796410858972,0.33242396173644984
57,5.7,-0.39,-0.43500000000000005,1.5707963267948966,-1.5707963267948966,-0.3931218724016807,0.04136940043174617,0.56,2.86881010304977,-0.020887822508263022,0.4828094949245722,-2.0327177883354692,-1.5707964072975298,0.32848980502938907
58,5.800000000000001,-0.385,-0.44000000000000006,1.5707963267948966,-1.5707963267948966,-0.3850658567095171,0.036093739992051066,0.56,2.8627229849294977,-0.02216612103435589,0.485719588465481,-2.034349598571596,-1.5707964037497295,0.32479585275905853
59,5.9,-0.38000000000000006,-0.445,1.5707963267948966,-1.5707963267948966,-0.37700984101735346,0.03081807955235602,0.56,2.8566091840006513,-0.02335020024896204,0.48841633505873233,-2.035862281137191,-1.5707964002154264,0.3213374318851675
60,6.0,-0.37500000000000006,-0.45,1.5707963267948966,-1.5707963267948966,-0.3689538253251899,0.025542419112660947,0.56,2.850469659398358,-0.024439066640116063,0.4908972107099945,-2.0372543055491437,-1.5707963966940108,0.3181101831022983
61,6.1000000000000005,-0.37000000000000005,-0.455,1.5707963267948966,-1.5707963267948966,-0.3608978096330262,0.02026675867296587,0.56,2.8443053432406433,-0.025431828420853564,0.4931599395318041,-2.0385242877077383,-1.570796393184584,0.31511007813411823
62,6.2,-0.36500000000000005,-0.46,1.5707963267948966,-1.5707963267948966,-0.35284179394086246,0.01499109823327074,0.56,2.8381171373283687,-0.026327685975907924,0.49520247337846285,-2.039670979084881,-1.5707963896859007,0.3123334334090812
63,6.300000000000001,-0.36000000000000004,-0.465,1.5707963267948966,-1.5707963267948966,-0.34478577824869894,0.009715437793575686,0.56,2.8319059109217566,-0.027125921633010117,0.49702296978346,-2.0406932548899537,-1.5707963861964263,0.30977691657130396
64,6.4,-0.35500000000000004,-0.47000000000000003,1.5707963267948966,-1.5707963267948966,-0.33672976255653525,0.004439777353880592,0.56,2.825672497623237,-0.027825892709318147,0.49861977721837325,-2.0415901062821926,-1.5707963827143903,0.30743756029622454
65,6.5,-0.35000000000000003,-0.47500000000000003,1.5707963267948966,-1.5707963267948966,-0.32867374686437156,-0.0008358830858145126,0.56,2.8194176937278925,-0.02842702296657795,0.4999914165895928,-2.0423606304120594,-1.5707963792377921,0.305312766054645
66,6.6000000000000005,-0.34500000000000003,-0.48000000000000004,1.5707963267948966,-1.5707963267948966,-0.32061773117220793,-0.006111543525509591,0.56,2.8131422560152357,-0.02892879651915996,0.5011365682048399,-2.043004023479721,-1.5707963757644368,0.3034003126947174
67,6.7,-0.34,-0.48500000000000004,1.5707963267948966,-1.5707963267948966,-0.31256171548004424,-0.011387203965204708,0.56,2.8068469001378635,-0.02933075180140585,0.5020540587608391,-2.043519573755156,-1.570796372291949,0.3016983613487056
68,6.800000000000001,-0.335,-0.49000000000000005,1.5707963267948966,-1.5707963267948966,-0.30450569978788056,-0.016662864404899818,0.56,2.800532299116099,-0.029632476529680134,0.5027428504940888,-2.0439066557668015,-1.5707963688178108,0.30020546025568673
69,6.9,-0.33,-0.49500000000000005,1.5707963267948966,-1.5707963267948966,-0.29644968409571687,-0.021938524844594933,0.56,2.79419908178462,-0.029833603901117535,0.5032020330551085,-2.0441647259769518,-1.5707963653393782,0.2989205506121404
70,7.0,-0.325,-0.5,1.5707963267948966,-1.5707963267948966,-0.2883936684035532,-0.027214185284290003,0.56,2.787847831599101,-0.02993380919669083,0.5034308162124533,-2.0442933188826093,-1.5707963618538867,0.2978429704594231
71,7.1000000000000005,-0.32000000000000006,-0.505,1.5707963267948966,-1.5707963267948966,-0.28033765271138966,-0.03248984572398495,0.56,2.7814790853984928,-0.02993280755013832,0.5034285251293135,-2.0442920445230484,-1.570796358358494,0.2969724595604365
72,7.2,-0.31500000000000006,-0.51,1.5707963267948966,-1.5707963267948966,-0.27228163701922603,-0.03776550616368006,0.56,2.7750933322672586,-0.02983035258517241,0.5031945975367733,-2.0441605870157913,-1.5707963548502804,0.29630916420718606
73,7.300000000000001,-0.31000000000000005,-0.515,1.5707963267948966,-1.5707963267948966,-0.26422562132706234,-0.04304116660337519,0.56,2.768691012545449,-0.029626235828420236,0.5027285825939871,-2.043898704003727,-1.5707963513262744,0.29585364161307853
74,7.4,-0.30500000000000005,-0.52,1.5707963267948966,-1.5707963267948966,-0.2561696056348987,-0.04831682704307032,0.56,2.7622725167567204,-0.029320287353327264,0.5020301424744139,-2.0435062275973896,-1.5707963477834683,0.29560686557354293
75,7.5,-0.30000000000000004,-0.525,1.5707963267948966,-1.5707963267948966,-0.24811358994273497,-0.05359248748276542,0.56,2.755838184831013,-0.028912376958894783,0.5010990550871265,-2.0429830659173653,-1.5707963442188397,0.2955702306569226
76,7.6000000000000005,-0.29500000000000004,-0.52,1.5707963267948966,-1.5707963267948966,-0.2404155542760762,-0.05820404615176305,0.56,2.7525193088496738,-0.07797636190579835,0.6141019079207465,-2.106915624533528,-1.5707977900855228,0.22221800892457136
77,7.7,-0.29000000000000004,-0.515,1.5707963267948966,-1.5707963267948966,-0.24039419388330746,-0.04857432519833081,0.56,2.7616456698965743,-0.05826384007463556,0.5684466362465452,-2.080981816348871,-1.5707956507980112,0.2576566161071713
78,7.800000000000001,-0.28500000000000003,-0.51,1.5707963267948966,-1.5707963267948966,-0.24037283349053873,-0.038944604244898574,0.56,2.7698631807649594,-0.0382790293238086,0.5225123308566932,-2.055032533924636,-1.5707955967862577,0.2991403826652373
79,7.9,-0.28,-0.505,1.5707963267948966,-1.5707963267948966,-0.2403514730977699,-0.029314883291466334,0.56,2.77716896256011,-0.018520014379782342,0.4774216045942438,-2.029700993662997,-1.5707955501465702,0.34707813554925265
80,8.0,-0.275,-0.5,1.5707963267948966,-1.5707963267948966,-0.24033011270500113,-0.01968516233803416,0.56,2.7836524915908036,0.0004659113734177305,0.43438184146715336,-2.0056472620493326,-1.5707955168643186,0.4013321900491431
81,8.1,-0.27,-0.495,1.5707963267948966,-1.5707963267948966,-0.2403087523122324,-0.010055441384601916,0.56,2.789502650240467,0.018182962017240668,0.39445882410887634,-1.9834413200313101,-1.5707955015005046,0.4610912268809623
82,8.200000000000001,-0.265,-0.49,1.5707963267948966,-1.5707963267948966,-0.24028739191946363,-0.0004257204311696318,0.56,2.794967779489785,0.03430774393894185,0.35831607043541475,-1.9634232969934826,-1.5707955039532862,0.5250796121843363
83,8.3,-0.26,-0.485,1.5707963267948966,-1.5707963267948966,-0.2402660315266949,0.00920400052226261,0.56,2.8002955306574417,0.04873163008640922,0.32613476032389166,-1.9456657677413594,-1.5707955199334556,0.5919329954876332
84,8.4,-0.255,-0.48,1.5707963267948966,-1.5707963267948966,-0.24024467113392617,0.018833721475694898,0.56,2.8056889104881204,0.061519594544927746,0.29771693050201636,-1.9300357698651485,-1.5707955435763072,0.6605018505119721
85,8.5,-0.25,-0.475,1.5707963267948966,-1.5707963267948966,-0.24022331074115744,0.028463442429127152,0.5599999999999999,2.8112923572571873,0.07283575054324076,0.27265615392806797,-1.9162910115027785,-1.5707955697611387,0.7299728479491154
86,8.6,-0.2450000000000001,-0.4700000000000001,1.5707963267948966,-1.5707963267948966,-0.24020195034838865,0.03809316338255928,0.56,2.8171986404176548,0.08287969460289427,0.2504790040133773,-1.904157676671964,-1.570795595000302,0.7998517825188917
87,8.700000000000001,-0.2400000000000001,-0.4650000000000001,1.5707963267948966,-1.5707963267948966,-0.24018058995561986,0.047722884335991395,0.56,2.8234630146232056,0.09184785333658542,0.2307286446706745,-1.8933753633311203,-1.5707956172991202,0.8698911098782545
88,8.8,-0.2350000000000001,-0.4600000000000001,1.5707963267948966,-1.5707963267948966,-0.24015922956285113,0.05735260528942363,0.56,2.8301167116124124,0.0999164557940563,0.21300004111077403,-1.8837152688587198,-1.570795635688117,0.9400144917981439
89,8.9,-0.2300000000000001,-0.45500000000000007,1.5707963267948966,-1.5707963267948966,-0.24013786917008237,0.06698232624285586,0.56,2.837177028585794,0.10723596798054454,0.19695014417247428,-1.8749848109387623,-1.5707956497652975,1.0102597205285129
90,9.0,-0.2250000000000001,-0.45000000000000007,1.5707963267948966,-1.5707963267948966,-0.2401165087773136,0.07661204719628811,0.56,2.8446542632417233,0.11393211529744833,0.18229404528997936,-1.8670248062549546,-1.5707956593998682,1.0807401746285399
91,9.1,-0.22000000000000008,-0.44500000000000006,1.5707963267948966,-1.5707963267948966,-0.24009514838454488,0.08624176814972032,0.56,2.8525562619353635,0.12010913072158948,0.16879669085958532,-1.859704433817536,-1.5707956645417163,1.1516217448751391
92,9.200000000000001,-0.21500000000000008,-0.44000000000000006,1.5707963267948966,-1.5707963267948966,-0.24007378799177612,0.09587148910315255,0.56,2.860891438629981,0.1258534768473265,0.15626390801332962,-1.8529159832254778,-1.5707956651066772,1.223110829908322
93,9.3,-0.21000000000000008,-0.43500000000000005,1.5707963267948966,-1.5707963267948966,-0.24005242759900733,0.1055012100565848,0.56,2.8696709222247945,0.13123751548233864,0.14453380294276857,-1.8465699228710073,-1.5707956609008777,1.2954500897854353
94,9.4,-0.20500000000000007,-0.43000000000000005,1.5707963267948966,-1.5707963267948966,-0.24003106720623854,0.11513093101001703,0.56,2.878910281729676,0.136322054579383,0.1334707900326807,-1.8405914762403845,-1.5707956515540236,1.3689205710614416
95,9.5,-0.20000000000000007,-0.42500000000000004,1.5707963267948966,-1.5707963267948966,-0.24000970681346984,0.12476065196344927,0.56,2.8886312316491467,0.14115984106001467,0.12295769187958855,-1.8349162150283915,-1.570795636452298,1.4438484117668429
96,9.600000000000001,-0.19500000000000006,-0.42000000000000004,1.5707963267948966,-1.5707963267948966,-0.2399883464207011,0.13439037291688147,0.56,2.8988635700570295,0.14579695504363213,0.11289250176915554,-1.8294882162403585,-1.5707956146283393,1.5206182769611643
97,9.700000000000001,-0.19000000000000006,-0.41500000000000004,1.5707963267948966,-1.5707963267948966,-0.23996698602793232,0.1440200938703136,0.56,2.9096477748221323,0.15027524007152873,0.1031829583728007,-1.8242570677540022,-1.5707955846025865,1.5996936902589172
98,9.8,-0.18500000000000005,-0.41000000000000003,1.5707963267948966,-1.5707963267948966,-0.2363038977552248,0.15,0.56,2.9125241833673656,0.15125291139236458,0.1010645579084059,-1.8231143614261054,-1.5707961598759497,1.6172027865626593
99,9.9,-0.18000000000000005,-0.405,1.5707963267948966,-1.5707963267948966,-0.22667415311129208,0.15,0.56,2.902134941786038,0.1461412032739283,0.11214563066383383,-1.8290804685160067,-1.5707971104717875,1.532412181296834
100,10.0,-0.17500000000000004,-0.4,1.5707963267948966,-1.5707963267948966,-0.21704440846735928,0.15,0.56,2.892398506379072,0.14078293017527352,0.12377631138374401,-1.835352980794633,-1.5707970807486993,1.4501842574618835
101,10.100000000000001,-0.16500000000000004,-0.4,1.5707963267948966,-1.5707963267948966,-0.20741466382342655,0.15,0.56,2.8930764652679715,0.14080896307861843,0.12371977173891775,-1.8353250739531835,-1.5707963204704787,1.4505893132569143
102,10.200000000000001,-0.15500000000000003,-0.4,1.5707963267948966,-1.5707963267948966,-0.19778491917949392,0.15,0.56,2.8937550228840485,0.14083653601987037,0.12365988314168366,-1.8352927592916275,-1.5707963201885056,1.4510247319849703
103,10.3,-0.14500000000000002,-0.4,1.5707963267948966,-1.5707963267948966,-0.1881551745355612,0.15,0.56,2.8944336138436393,0.14086434842853068,0.12359947479076845,-1.8352601634709695,-1.5707963201550939,1.4514639600556813
104,10.4,-0.135,-0.4,1.5707963267948966,-1.5707963267948966,-0.1785254298916285,0.15,0.56,2.895112237933678,0.1408923993939824,0.12353854871815495,-1.8352272884851932,-1.5707963201217412,1.4519069896212626
105,10.5,-0.125,-0.4,1.5707963267948966,-1.5707963267948966,-0.1688956852476956,0.15,0.5599999999999999,2.8957908951241054,0.14092068896481919,0.1234771048285495,-1.8351941342878733,-1.570796320088387,1.452353821156768
106,10.600000000000001,-0.115,-0.4,1.5707963267948966,-1.5707963267948966,-0.15926594060376298,0.15,0.56,2.8964695853899105,0.14094921720318246,0.12341514299792423,-1.8351607008171167,-1.5707963200550505,1.4528044551514436
107,10.700000000000001,-0.105,-0.4,1.5707963267948966,-1.5707963267948966,-0.14963619595983024,0.15,0.56,2.8971483087034646,0.14097798328108202,0.12335266503624454,-1.8351269890548563,-1.5707963200216526,1.4532588925275787
108,10.8,-0.09499999999999997,-0.4,1.5707963267948966,-1.5707963267948966,-0.14000645131589762,0.15,0.56,2.897827065052781,0.1410069875435309,0.12328967020431245,-1.8350929986070161,-1.5707963199882762,1.4537171336416934
109,10.9,-0.08499999999999996,-0.4,1.5707963267948966,-1.5707963267948966,-0.13037670667196488,0.15,0.56,2.8985058544205944,0.14103622917230313,0.12322616029123502,-1.8350587304442636,-1.5707963199548813,1.454179179432251
110,11.0,-0.07499999999999996,-0.4,1.5707963267948966,-1.5707963267948966,-0.12074696202803203,0.15,0.56,2.899184676802551,0.14106570820474726,0.12316213522641824,-1.835024184533555,-1.5707963199214805,1.4546450304194067
111,11.100000000000001,-0.06499999999999995,-0.4,1.5707963267948966,-1.5707963267948966,-0.1111172173840993,0.15,0.56,2.899863532196571,0.14109542437068745,0.12309759560813333,-1.83498936120292,-1.5707963198880706,1.4551146872919603
112,11.200000000000001,-0.05499999999999993,-0.4,1.5707963267948966,-1.5707963267948966,-0.10148747274016645,0.15,0.56,2.9005424206091748,0.14112537779655965,0.12303254117285714,-1.8349542603152962,-1.5707963198546229,1.4555881505551727
113,11.3,-0.04499999999999992,-0.4,1.5707963267948966,-1.5707963267948966,-0.09185772809623383,0.15,0.56,2.9012213420458988,0.14115556788740274,0.12296697322455745,-1.8349188825796616,-1.5707963198212593,1.4560654210702573
114,11.4,-0.03499999999999992,-0.4,1.5707963267948966,-1.5707963267948966,-0.08222798345230097,0.15,0.5599999999999999,2.901900296520393,0.14118599438695828,0.12290089233136049,-1.8348832283078642,-1.5707963197877661,1.4565464995364192
115,11.5,-0.02499999999999991,-0.4,1.5707963267948966,-1.5707963267948966,-0.07259823880836835,0.15,0.56,2.902579284051533,0.14121665704366965,0.12283429905123236,-1.8348472978063917,-1.570796319754307,1.4570313866644113
116,11.600000000000001,-0.014999999999999902,-0.4,1.5707963267948966,-1.5707963267948966,-0.0629684941644355,0.15,0.56,2.9032583046607097,0.14124755528193775,0.12276719464568192,-1.8348110917609524,-1.5707963197208656,1.4575200833274753
117,11.700000000000001,-0.004999999999999893,-0.4,1.5707963267948966,-1.5707963267948966,-0.05333874952050288,0.15,0.56,2.903937358379915,0.14127868917172673,0.12269957897423626,-1.8347746101012838,-1.5707963196873937,1.4580125900974046
118,11.8,0.004999999999999893,-0.4,1.5707963267948966,-1.5707963267948966,-0.04370900487657026,0.15,0.56,2.904616445243552,0.1413100584623195,0.1226314525934381,-1.834737853133116,-1.5707963196539094,1.4585089077167743
119,11.9,0.014999999999999902,-0.4,1.5707963267948966,-1.5707963267948966,-0.03407926023263763,0.15,0.56,2.9052955652910986,0.1413416628799449,0.1225628161097208,-1.8347008211891096,-1.570796319620415,1.4590090369433992
120,12.0,0.02499999999999991,-0.4,1.5707963267948966,-1.5707963267948966,-0.024449515588704784,0.15,0.56,2.9059747185673026,0.14137350215871133,0.12249367011248764,-1.8346635145927783,-1.5707963195869086,1.4595129785409213
121,12.100000000000001,0.03499999999999993,-0.4,1.5707963267948966,-1.5707963267948966,-0.01481977094477216,0.15,0.56,2.906653905122266,0.1414055760494876,0.1224240151548028,-1.8346259336480555,-1.5707963195533914,1.4600207332748596
122,12.200000000000001,0.04499999999999992,-0.4,1.5707963267948966,-1.5707963267948966,-0.005190026300839313,0.15000000000000002,0.56,2.907333125011435,0.14143788431970256,0.12235385175384945,-1.8345880786395552,-1.5707963195198618,1.460532301912853
123,12.3,0.05499999999999994,-0.4,1.5707963267948966,-1.5707963267948966,0.004439718343093314,0.15,0.56,2.908012378294602,0.14147042662632198,0.12228318066675066,-1.8345499499813644,-1.5707963194863208,1.4610476852829604
124,12.4,0.06499999999999995,-0.4,1.5707963267948966,-1.5707963267948966,0.014069462987026162,0.15,0.56,2.908691665038029,0.14150320278228828,0.12221200231199408,-1.8345115479049146,-1.570796319452768,1.4615668841516911
125,12.5,0.07499999999999996,-0.4,1.5707963267948966,-1.5707963267948966,0.023699207630958785,0.15,0.56,2.9093709853123246,0.14153621248907716,0.12214031735017886,-1.834472872772283,-1.5707963194192018,1.4620898993465923
126,12.600000000000001,0.07999999999999996,-0.4,1.5707963267948966,-1.5707963267948966,0.03332895227489141,0.15,0.56,2.900879108171909,0.1411394269793323,0.12300201667778783,-1.8349375776884556,-1.5707964165622617,1.4558269882420183
127,12.700000000000001,0.08499999999999996,-0.4,1.5707963267948966,-1.5707963267948966,0.04295869691882426,0.15,0.56,2.892392315056824,0.14077969976970642,0.12378332069664379,-1.8353591734421393,-1.5707964113619273,1.450156914838518
128,12.8,0.08999999999999997,-0.4,1.5707963267948966,-1.5707963267948966,0.05258844156275688,0.15,0.56,2.8839107344542847,0.14045759713238526,0.12448296565035442,-1.835736734701351,-1.5707964061559527,1.4450808593126414
129,12.9,0.09499999999999997,-0.4,1.5707963267948966,-1.5707963267948966,0.06221818620668984,0.15,0.56,2.875434527599476,0.14017352423274082,0.1251000518378137,-1.8360697668617483,-1.5707964009643893,1.440597777644333
130,13.0,0.09999999999999998,-0.4,1.5707963267948966,-1.5707963267948966,0.07184793085062247,0.15,0.56,2.866963979483871,0.13992783616032187,0.12563379040350783,-1.8363578361670772,-1.570796395784311,1.436706810467191
131,13.100000000000001,0.10499999999999998,-0.4,1.5707963267948966,-1.5707963267948966,0.08147767549455542,0.15000000000000002,0.56,2.858499497772001,0.1397208362247595,0.12608350715256994,-1.8366005717403966,-1.57079639061311,1.4334072617754943
132,13.200000000000001,0.10999999999999999,-0.4,1.5707963267948966,-1.5707963267948966,0.09110742013848805,0.15,0.56,2.850041611755767,0.13955277245369696,0.12644865026181246,-1.8367976697932746,-1.5707963854485112,1.4306985808588237
133,13.3,0.11499999999999999,-0.4,1.5707963267948966,-1.5707963267948966,0.10073716478242101,0.15,0.56,2.841590971375796,0.13942383634990885,0.12672879306741505,-1.836948895170749,-1.570796380288488,1.4285803462762985
134,13.4,0.12,-0.4,1.5707963267948966,-1.5707963267948966,0.11036690942635365,0.15,0.56,2.8331483462455664,0.13933415937470497,0.12692364177529178,-1.8370540855453055,-1.5707963751312106,1.4270522539201644
135,13.5,0.125,-0.4,1.5707963267948966,-1.5707963267948966,0.11999665407028626,0.15,0.56,2.8247146247294785,0.13928381388757238,0.1270330334707812,-1.8371131503664435,-1.5707963699750194,1.4261141059345988
136,13.600000000000001,0.13,-0.4,1.5707963267948966,-1.5707963267948966,0.12962639871421922,0.15,0.56,2.8162908129913657,0.13927281139910466,0.12705693994650533,-1.837126072941592,-1.5707963648183747,1.4257658038194347
137,13.700000000000001,0.135,-0.4,1.5707963267948966,-1.5707963267948966,0.13925614335815184,0.15,0.56,2.8078780340473743,0.13930110239316446,0.12699546810051182,-1.8370929106566412,-1.5707963596597962,1.4260073436812741
138,13.8,0.14,-0.4,1.5707963267948966,-1.5707963267948966,0.14888588800208458,0.15,0.56,2.799477526806899,0.1393685765191448,0.12684885951011562,-1.8370137947422196,-1.5707963544978298,1.4268388141844794
139,13.9,0.14500000000000002,-0.4,1.5707963267948966,-1.5707963267948966,0.1585156326460172,0.15,0.56,2.791090645101522,0.13947506325039727,0.12661748897269015,-1.836888929473087,-1.5707963493309984,1.4282603971551266
140,14.0,0.15000000000000002,-0.4,1.5707963267948966,-1.5707963267948966,0.16814537728995005,0.15,0.56,2.7827188567045704,0.13962033298503518,0.12630186206566424,-1.8367185908291341,-1.5707963441577577,1.4302723708599971
141,14.100000000000001,0.15499999999999992,-0.4,1.5707963267948966,-1.5707963267948966,0.17777512193388245,0.15,0.56,2.774363742349028,0.13980409871710847,0.1259026114483485,-1.836503124468611,-1.5707963389764368,1.4328751159234892
142,14.200000000000001,0.15999999999999992,-0.4,1.5707963267948966,-1.5707963267948966,0.1874048665778152,0.15,0.56,2.766026994770336,0.1400260199836413,0.1254204882020562,-1.8362429410153152,-1.5707963337852338,1.436069123124238
143,14.3,0.16499999999999992,-0.4,1.5707963267948966,-1.5707963267948966,0.19703461122174803,0.15,0.56,2.7577104177143807,0.14028570153548747,0.12485636461666028,-1.8359385175164347,-1.5707963285821238,1.4398550066585571
144,14.4,0.16999999999999993,-0.4,1.5707963267948966,-1.5707963267948966,0.20666435586568077,0.15,0.56,2.749415925047742,0.14058269876870813,0.12421122227518279,-1.835590390958555,-1.5707963233648106,1.4442335172899816
145,14.5,0.17499999999999993,-0.4,1.5707963267948966,-1.5707963267948966,0.21629410050961373,0.14999999999999997,0.56,2.7411455399020763,0.14091652085802545,0.12348614511868168,-1.8351991544661677,-1.5707963181307296,1.4492055597238533
146,14.600000000000001,0.17999999999999994,-0.4,1.5707963267948966,-1.5707963267948966,0.22592384515354635,0.15,0.56,2.732901393907784,0.1412866344344609,0.12268231131911812,-1.8347654528525454,-1.5707963128769007,1.454772212972894
147,14.700000000000001,0.18499999999999994,-0.4,1.5707963267948966,-1.5707963267948966,0.2355535897974792,0.15,0.56,2.72468572654175,0.1416924669947064,0.12180098572684925,-1.8342899784766398,-1.5707963075999918,1.4609347542188014
148,14.8,0.18999999999999995,-0.4,1.5707963267948966,-1.5707963267948966,0.24518333444141183,0.15,0.56,2.7165008846374605,0.14213341140795485,0.12084350992941163,-1.8337734658090463,-1.5707963022961908,1.467694685687458
149,14.9,0.19499999999999995,-0.4,1.5707963267948966,-1.5707963267948966,0.25014540955404857,0.14532191133246092,0.56,2.7143346355454177,0.13729400861134056,0.13135767340548,-1.8394457900620902,-1.5707969469795213,1.3971813797168073
150,15.0,0.19999999999999996,-0.4,1.5707963267948966,-1.5707963267948966,0.25016688100550105,0.13569219062601662,0.56,2.7206240102714876,0.12507493986839816,0.15796184045574183,-1.853828344681035,-1.5707976074305514,1.248016731318831
151,15.100000000000001,0.20499999999999996,-0.405,1.5707963267948966,-1.5707963267948966,0.2501883524569537,0.12606246991957237,0.56,2.7295143435908673,0.118397604793617,0.17253478148165785,-1.86172630043877,-1.5707969480858945,1.1738806306753589
152,15.200000000000001,0.20999999999999996,-0.41000000000000003,1.5707963267948966,-1.5707963267948966,0.25020982390840635,0.11643274921312788,0.56,2.7391934474833923,0.11111441708536712,0.18845863296627494,-1.870366939203849,-1.570796948351646,1.100617880846375
153,15.3,0.21499999999999997,-0.41500000000000004,1.5707963267948966,-1.5707963267948966,0.2502312953598589,0.10680302850668363,0.56,2.749649108177041,0.10309926484901738,0.2060177315291287,-1.8799108391917758,-1.5707969534531356,1.0280461718141107
154,15.4,0.21999999999999997,-0.42000000000000004,1.5707963267948966,-1.5707963267948966,0.25025276681131137,0.09717330780023914,0.56,2.7608650725999495,0.09420447769771018,0.22554737290946514,-1.8905456275031238,-1.570796962770006,0.9560873960929432
155,15.5,0.22499999999999998,-0.42500000000000004,1.5707963267948966,-1.5707963267948966,0.2502742382627639,0.08754358709379487,0.56,2.7728153495952848,0.08425826642373119,0.24744074308197006,-1.9024927025765919,-1.5707969757127282,0.8847716091554709
156,15.600000000000001,0.22999999999999998,-0.43000000000000005,1.5707963267948966,-1.5707963267948966,0.2502957097142165,0.07791386638735041,0.56,2.7854562832351664,0.07306935008594444,0.2721406669679969,-1.9160036117966128,-1.5707969912672235,0.8142772899435192
157,15.700000000000001,0.235,-0.43500000000000005,1.5707963267948966,-1.5707963267948966,0.25031718116566903,0.06828414568090614,0.56,2.7987165071286704,0.060442407479079745,0.3001078074951953,-1.9313437034476881,-1.5707970076896298,0.7449817690902152
158,15.8,0.24,-0.44000000000000006,1.5707963267948966,-1.5707963267948966,0.2503386526171216,0.05865442497446165,0.56,2.8124865887806227,0.04621103325530477,0.3317498731381524,-1.9487542918813496,-1.5707970222188463,0.6775063987138115
159,15.9,0.245,-0.44500000000000006,1.5707963267948966,-1.5707963267948966,0.2503601240685741,0.04902470426801737,0.56,2.8266134176988174,0.030291009906322743,0.36730405840858005,-1.9683883705179026,-1.5707970310601145,0.6127215243121034
160,16.0,0.25,-0.45000000000000007,1.5707963267948966,-1.5707963267948966,0.2503815955200267,0.03939498356157313,0.56,2.840907382218537,0.01274241329939993,0.4066958965068098,-1.990231567780532,-1.5707970300259975,0.5516633433965425
161,16.1,0.255,-0.45500000000000007,1.5707963267948966,-1.5707963267948966,0.25040306697147924,0.02976526285512864,0.56,2.855167888643523,-0.006192026149732178,0.4494454498622517,-2.0140466927689413,-1.5707970159715146,0.4953417481932868
162,16.2,0.26,-0.4600000000000001,1.5707963267948966,-1.5707963267948966,0.25042453842293183,0.020135542148684387,0.56,2.869221087504479,-0.026108802859130077,0.49470407434463176,-2.0393886128743524,-1.570796988313195,0.44449892455362205
163,16.3,0.265,-0.4650000000000001,1.5707963267948966,-1.5707963267948966,0.2504460098743844,0.010505821442239929,0.56,2.882951523860152,-0.04652695121681491,0.5414301779051756,-2.0656966941554744,-1.5707969494894851,0.3994430403993419
164,16.400000000000002,0.27,-0.4700000000000001,1.5707963267948966,-1.5707963267948966,0.25046748132583696,0.0008761007357956539,0.56,2.8963118555887464,-0.06698885225568312,0.5886110605008584,-2.092415838623993,-1.570796903795601,0.36004160711562266
165,16.5,0.275,-0.4750000000000001,1.5707963267948966,-1.5707963267948966,0.25048895277728955,-0.008753619970648857,0.56,2.909311196559128,-0.08712862570855542,0.6354194670211465,-2.119084652539267,-1.570796855631498,0.32584363525946985
166,16.6,0.28,-0.4800000000000001,1.5707963267948966,-1.5707963267948966,0.25051042422874203,-0.018383340677093133,0.56,2.9219940709567513,-0.10669295114926525,0.6812671530850611,-2.145368196522194,-1.570796808365583,0.2962391609375063
167,16.7,0.28500000000000003,-0.4850000000000001,1.5707963267948966,-1.5707963267948966,0.25053189568019457,-0.028013061383537617,0.56,2.934421199149611,-0.12552862020380393,0.7257836644422435,-2.171049214707458,-1.5707967640114062,0.2705860435267491
168,16.8,0.29000000000000004,-0.4900000000000001,1.5707963267948966,-1.5707963267948966,0.25055336713164716,-0.03764278208998189,0.56,2.946656563667247,-0.1435575040334781,0.7687649370932607,-2.196001766698379,-1.5707967234845146,0.24828464330792963
169,16.900000000000002,0.29500000000000004,-0.4950000000000001,1.5707963267948966,-1.5707963267948966,0.25057483858309976,-0.0472725027964261,0.56,2.958760419345105,-0.16075201978963413,0.8101209813624602,-2.220163443704087,-1.5707966869894892,0.22881040923283363
170,17.0,0.30000000000000004,-0.5000000000000001,1.5707963267948966,-1.5707963267948966,0.2505963100345523,-0.056902223502870594,0.56,2.9707864031164273,-0.17711596134984264,0.8498341241959599,-2.2435127787649756,-1.5707966543365375,0.21172050445450122
171,17.1,0.30500000000000005,-0.5050000000000001,1.5707963267948966,-1.5707963267948966,0.25784381201890066,-0.06285484682324984,0.56,2.9660942960029515,-0.18163783811274525,0.8608722811914259,-2.25003029838396,-1.5707964592461616,0.20589540350140367
172,17.2,0.30999999999999983,-0.5099999999999999,1.5707963267948966,-1.5707963267948966,0.26561586864531966,-0.06854054095001086,0.56,2.9601494616475508,-0.18524671023048575,0.8697027879547733,-2.2552520300564094,-1.5707964437063495,0.20098563841594047
173,17.3,0.31499999999999995,-0.515,1.5707963267948966,-1.5707963267948966,0.2747056554698294,-0.07157673241371047,0.56,2.950746051498333,-0.17910076538619873,0.8546750963285586,-2.2463713032758315,-1.5707962292735227,0.20661292696491682
174,17.400000000000002,0.31999999999999984,-0.5199999999999999,1.5707963267948966,-1.5707963267948966,0.283929272669568,-0.07434383697625144,0.56,2.941011248748427,-0.17170367141404078,0.8366586081836085,-2.235752049514794,-1.5707961984424483,0.21389006847202086
175,17.5,0.32499999999999996,-0.525,1.5707963267948966,-1.5707963267948966,0.29316720839107363,-0.07704702781144425,0.56,2.9312454917849644,-0.16377314039975244,0.8174252881154271,-2.2244493278576654,-1.5707961825447716,0.2221191574955159
176,17.6,0.33499999999999974,-0.525,1.5707963267948966,-1.5707963267948966,0.302689796082263,-0.07847961483182334,0.56,2.9325813467208106,-0.1693324137082203,0.8308993618354455,-2.232362684608284,-1.5707964548131035,0.2157315396890566
177,17.7,0.345,-0.525,1.5707963267948966,-1.5707963267948966,0.3122123837734525,-0.07991220185220245,0.56,2.93389330886393,-0.17483069235873566,0.8442660012523537,-2.240231056757578,-1.5707964521020212,0.20956891589925258
178,17.8,0.35499999999999976,-0.525,1.5707963267948966,-1.5707963267948966,0.321734971464642,-0.08134478887258154,0.56,2.9351825552740363,-0.18026454904415,0.8575168864379753,-2.248048096645555,-1.5707964494039435,0.20362362639763204
179,17.900000000000002,0.365,-0.525,1.5707963267948966,-1.5707963267948966,0.33125755915583144,-0.08277737589296065,0.56,2.9364503944224496,-0.18563408747451432,0.8706518250421701,-2.25581350783999,-1.5707964468027245,0.19788461764399157
180,18.0,0.3749999999999998,-0.525,1.5707963267948966,-1.5707963267948966,0.34082842744042746,-0.08374408931740243,0.56,2.9375332066001643,-0.189192434472904,0.879379082550771,-2.2609826076602406,-1.5707964045803708,0.19417359618818514
181,18.1,0.385,-0.525,1.5707963267948966,-1.5707963267948966,0.35044241703514994,-0.08429471258237092,0.56,2.9384610448907895,-0.1911686202635248,0.884233908320465,-2.2638614113487665,-1.570796368127405,0.1921779990976584
182,18.2,0.3949999999999998,-0.525,1.5707963267948966,-1.5707963267948966,0.360056406629872,-0.08484533584733936,0.56,2.9393872739384883,-0.1931343892312299,0.8890689371932042,-2.266730672862487,-1.5707963677429109,0.19021032723022382
183,18.3,0.405,-0.525,1.5707963267948966,-1.5707963267948966,0.3696703962245941,-0.0853959591123078,0.56,2.9403119694996924,-0.195090131116091,0.8938850460079639,-2.26959104134179,-1.5707963673725727,0.1882696498962911
184,18.400000000000002,0.4149999999999998,-0.525,1.5707963267948966,-1.5707963267948966,0.3792843858193164,-0.08594658237727627,0.56,2.941235200351824,-0.19703588250192772,0.8986822903265668,-2.2724425358036995,-1.570796367007334,0.1863554381733892
185,18.5,0.42500000000000004,-0.525,1.5707963267948966,-1.5707963267948966,0.388911467467948,-0.08578143952422174,0.56,2.942043422861798,-0.19632305962908828,0.896924082976786,-2.2713974231133407,-1.5707963059008807,0.1872331122855189
186,18.6,0.43499999999999983,-0.525,1.5707963267948966,-1.5707963267948966,0.39853916243844834,-0.08558276526228037,0.56,2.9428447122834918,-0.1954829607121449,0.8948530225570464,-2.270166474742029,-1.5707963029528427,0.1882479752193425
187,18.7,0.44500000000000006,-0.525,1.5707963267948966,-1.5707963267948966,0.4081668574089483,-0.08538409100033897,0.56,2.943644504980002,-0.19464029253209347,0.8927767056273472,-2.26893282635139,-1.5707963028767709,0.18926867779910975
188,18.8,0.45499999999999985,-0.525,1.5707963267948966,-1.5707963267948966,0.41779455237944857,-0.08518541673839757,0.56,2.9444427945426557,-0.19379507826891462,0.8906951911331485,-2.267696526478381,-1.570796302800885,0.19029524515731314
189,18.900000000000002,0.4650000000000001,-0.525,1.5707963267948966,-1.5707963267948966,0.42742224734994855,-0.0849867424764562,0.56,2.9452395740881703,-0.19294731383808533,0.8886084743918805,-2.266457574527961,-1.5707963027244778,0.19132773370604048
190,19.0,0.47499999999999987,-0.525,1.5707963267948966,-1.5707963267948966,0.43701962838876746,-0.08433038632695444,0.56,2.9460304718557966,-0.19037184371965524,0.8822756507068495,-2.2627003997098143,-1.5707962620873546,0.19425111772450473
191,19.1,0.4850000000000001,-0.525,1.5707963267948966,-1.5707963267948966,0.446589423848965,-0.08325754115763496,0.56,2.946798931938343,-0.18619868575871326,0.8720350682038646,-2.2566331428606006,-1.5707962239612812,0.19899595360250666
192,19.200000000000003,0.4949999999999999,-0.525,1.5707963267948966,-1.5707963267948966,0.4561592193091627,-0.08218469598831543,0.56,2.947545607933189,-0.18198806001888398,0.8617281698803665,-2.250536876787038,-1.570796222483652,0.20386625520906348
193,19.3,0.5050000000000001,-0.525,1.5707963267948966,-1.5707963267948966,0.46572901476936013,-0.08111185081899593,0.56,2.9482699563156682,-0.1777403585730596,0.8513560489886745,-2.244412463971681,-1.5707962209716368,0.2088668197893611
194,19.400000000000002,0.5149999999999999,-0.525,1.5707963267948966,-1.5707963267948966,0.4752988102295576,-0.08003900564967642,0.56,2.9489714080279312,-0.17345568866208336,0.8409191374600454,-2.238260229144091,-1.5707962194156826,0.21400305452007357
195,19.5,0.5250000000000001,-0.525,1.5707963267948966,-1.5707963267948966,0.4847616296145032,-0.0783642996756867,0.56,2.9497208466557563,-0.1667428909801306,0.8246178316077399,-2.2286719860018582,-1.5707961582512038,0.22225154299003733
196,19.6,0.5349999999999999,-0.525,1.5707963267948966,-1.5707963267948966,0.494114979226269,-0.07607370303999758,0.56,2.9504533996109474,-0.15746089308262629,0.8021756718668192,-2.2155121151254367,-1.5707960909866303,0.23412746102448964
197,19.700000000000003,0.5450000000000002,-0.525,1.5707963267948966,-1.5707963267948966,0.5034683288380349,-0.07378310640430845,0.56,2.9510749556994917,-0.14802663290158383,0.7794779681883542,-2.202248705024901,-1.5707960830778678,0.24674615055398597
198,19.8,0.5549999999999999,-0.525,1.5707963267948966,-1.5707963267948966,0.5128216784498006,-0.07149250976861936,0.56,2.951579200284534,-0.13844844274954973,0.7565455015623235,-2.1888944631279172,-1.5707960747940526,0.26017045141752987
199,19.900000000000002,0.5650000000000002,-0.525,1.5707963267948966,-1.5707963267948966,0.5213678206136653,-0.06712949635399652,0.56,2.9525760881043155,-0.11987787401507083,0.7123870464802552,-2.1633076718222344,-1.57079581482192,0.2889863309949732
200,20.0,0.575,-0.525,1.5707963267948966,-1.5707963267948966,0.5298063322984281,-0.06249015346372989,0.56,2.9530921913187838,-0.0997911543046836,0.6650479209435262,-2.1360555500222707,-1.5707957453194912,0.32388304787943817
201,20.1,0.5800000000000001,-0.5199999999999999,1.5707963267948966,-1.5707963267948966,0.5355105088604639,-0.05527594038932547,0.56,2.950205784149817,-0.09057166688027923,0.6434593723319791,-2.1236851816072297,-1.5707960692152525,0.3403132372322526
202,20.200000000000003,0.585,-0.515,1.5707963267948966,-1.5707963267948966,0.5361357500964136,-0.04578687304527512,0.56,2.9556711476890554,-0.06997522744982435,0.5955267413982751,-2.096350555776526,-1.5707956487642845,0.38406108787521426
203,20.3,0.5900000000000001,-0.5099999999999999,1.5707963267948966,-1.5707963267948966,0.5361357500964136,-0.036157128401342525,0.56,2.961484848905192,-0.04883958364417182,0.5467429589468678,-2.06870266348073,-1.5707955783674605,0.43587378943447297
204,20.400000000000002,0.595,-0.505,1.5707963267948966,-1.5707963267948966,0.5361357500964136,-0.0265273837574099,0.56,2.9665786248877075,-0.02843743159591999,0.5000144390005105,-2.042376387026221,-1.5707955490335728,0.4937705268011708
205,20.5,0.5999999999999999,-0.5000000000000001,1.5707963267948966,-1.5707963267948966,0.5361357500964136,-0.01689763911347733,0.56,2.971136878996751,-0.00919460210845438,0.4562475413393903,-2.017852351992138,-1.5707955323336316,0.5571014795960177
206,20.6,0.605,-0.495,1.5707963267948966,-1.5707963267948966,0.5361357500964136,-0.007267894469544483,0.56,2.9753891066580853,0.008592342591193597,0.4160420889863165,-1.9954338219725318,-1.570795528439945,0.6248463385923798
207,20.700000000000003,0.6099999999999999,-0.4900000000000001,1.5707963267948966,-1.5707963267948966,0.5361357500964137,0.0023618501743881133,0.56,2.9795658826850717,0.024793550979595395,0.37962007562985095,-1.975212952944612,-1.5707955348189693,0.6958749423307659
208,20.8,0.615,-0.485,1.5707963267948966,-1.5707963267948966,0.5361357500964138,0.011991594818320739,0.56,2.9838644255655735,0.039427033013009816,0.3468787484866966,-1.9571050203429732,-1.5707955476034066,0.7691812639438321
209,20.900000000000002,0.6199999999999999,-0.4800000000000001,1.5707963267948966,-1.5707963267948966,0.5361357500964136,0.021621339462253503,0.56,2.9884342549633267,0.05260833369035329,0.31750892693698085,-1.940916405279102,-1.570795562976393,0.8440080243056634
210,21.0,0.625,-0.475,1.5707963267948966,-1.5707963267948966,0.5361357500964133,0.03125108410618635,0.5600000000000002,2.993379576312869,0.06450049365958567,0.29110786483944395,-1.9264074145249512,-1.5707955779753828,0.9198658406522718
211,21.1,0.6299999999999999,-0.4700000000000001,1.5707963267948966,-1.5707963267948966,0.5361357500964135,0.040880828750118975,0.56,2.9987694167294783,0.07527835764503717,0.2672573806595021,-1.9133347190784997,-1.5707955905888729,0.9964966261543837
212,21.200000000000003,0.635,-0.46499999999999997,1.5707963267948966,-1.5707963267948966,0.5361357500964136,0.05051057339405175,0.56,3.004649000734247,0.08510848349305744,0.24556629834580987,-1.9014737053061432,-1.5707955995397982,1.0738221676553295
213,21.3,0.6399999999999999,-0.4600000000000001,1.5707963267948966,-1.5707963267948966,0.5361357500964136,0.06014031803798438,0.56,3.0110494634612244,0.0941408569563274,0.22568667841502082,-1.8906264221655757,-1.5707956040028108,1.1518986838203884
214,21.400000000000002,0.645,-0.45499999999999996,1.5707963267948966,-1.5707963267948966,0.5361357500964135,0.06977006268191763,0.56,3.0179951863833967,0.10250558970928468,0.2073193473403445,-1.8806238097475114,-1.570795603337276,1.230886257890791
215,21.5,0.6499999999999999,-0.45000000000000007,1.5707963267948966,-1.5707963267948966,0.5361357500964136,0.07939980732585025,0.56,3.025509415287569,0.11031579455832825,0.19020622294184802,-1.8713209006608622,-1.5707955969163618,1.3110294937031735
216,21.6,0.655,-0.44499999999999995,1.5707963267948966,-1.5707963267948966,0.5361357500964137,0.08902955196978304,0.56,3.033618541991384,0.117668944064865,0.17412634052992662,-1.86259420551742,-1.5707955839320396,1.3926531410085423
217,21.700000000000003,0.6599999999999999,-0.44000000000000006,1.5707963267948966,-1.5707963267948966,0.5361357500964136,0.09865929661371567,0.56,3.0423560083470815,0.12465050795910469,0.15888715992289545,-1.8543366580290204,-1.5707955632362243,1.4761677599945997
218,21.8,0.665,-0.43499999999999994,1.5707963267948966,-1.5707963267948966,0.5361357500964136,0.10828904125764849,0.56,3.0517664300029073,0.13133641820477593,0.14431866136972776,-1.846454176906179,-1.57079553310186,1.5620888680475287
219,21.900000000000002,0.6699999999999999,-0.43000000000000005,1.5707963267948966,-1.5707963267948966,0.5361357500964136,0.11791878590158172,0.56,3.061910858252923,0.1377967266439469,0.13026500629349574,-1.8388609856874047,-1.5707954908642219,1.651071798598837
220,22.0,0.675,-0.42499999999999993,1.5707963267948966,-1.5707963267948966,0.5361357500964136,0.12754853054551435,0.56,3.0728744241389454,0.1440997857150632,0.11657521013338736,-1.8314744689003266,-1.5707954322658886,1.7439719987827669
221,22.1,0.6799999999999999,-0.42000000000000004,1.5707963267948966,-1.5707963267948966,0.5361357500964136,0.13717827518944714,0.56,3.0847786938644677,0.15031713312299902,0.10309242204348114,-1.8242093415348268,-1.5707953501816296,1.8419500860154154
222,22.200000000000003,0.685,-0.4149999999999999,1.5707963267948966,-1.5707963267948966,0.5361357500964136,0.14680801983337977,0.56,3.0978036297594675,0.1565283382347651,0.0896434184975013,-1.8169720000893541,-1.5707952318609544,1.946664933468921
223,22.3,0.69,-0.41000000000000003,1.5707963267948966,-1.5707963267948966,0.5425735145737266,0.15,0.56,3.0935904468242943,0.15412906637542081,0.09483552096471307,-1.819759478365134,-1.5707967271153842,1.9073507777318752
224,22.400000000000002,0.6950000000000001,-0.4049999999999999,1.5707963267948966,-1.5707963267948966,0.5522032592176591,0.14999999999999997,0.5599999999999999,3.0815417044772824,0.14708792313323293,0.1100920091426712,-1.8279725727086469,-1.570797367413417,1.800990442035961
225,22.5,0.7,-0.4,1.5707963267948966,-1.5707963267948966,0.5618330038615919,0.15,0.56,3.0706405909761623,0.13992734919792188,0.12563462974463352,-1.8363549700841806,-1.5707972739098934,1.7010983404675646
226,22.6,0.6949999999999998,-0.40500000000000014,1.5707963267948966,-1.5707963267948966,0.5714627485055245,0.15,0.56,3.044726884056705,0.1416180526136401,0.12196261505091979,-1.834377803273205,-1.5707962170613246,1.7255471892317653
227,22.700000000000003,0.69,-0.41000000000000003,1.5707963267948966,-1.5707963267948966,0.5810924931494571,0.15,0.56,3.0194091671898016,0.14376413407406946,0.1173034902824649,-1.8318650141725714,-1.5707961460610314,1.7572916858341796
228,22.8,0.6849999999999998,-0.41500000000000015,1.5707963267948966,-1.5707963267948966,0.5907222377933902,0.15,0.56,2.9947999506613088,0.14634992929453033,0.11169302762443659,-1.828840621199718,-1.570796069546531,1.7966082278796085
229,22.900000000000002,0.6799999999999999,-0.42000000000000004,1.5707963267948966,-1.5707963267948966,0.6,0.14964801756267718,0.56,2.9714122700409002,0.14903590577780015,0.10586896280633033,-1.825702652228456,-1.5707960329951731,1.8386925570041548
230,23.0,0.6749999999999998,-0.42500000000000016,1.5707963267948966,-1.5707963267948966,0.6,0.14001827291874455,0.56,2.958851528525487,0.14276501811464243,0.11947197127158932,-1.8330302650197645,-1.5707972013749207,1.74888675149937
231,23.1,0.6699999999999999,-0.43000000000000005,1.5707963267948966,-1.5707963267948966,0.6,0.1303885282748121,0.56,2.9470624367745675,0.13638940140845826,0.13332422305699893,-1.8405071340587873,-1.5707971388129642,1.663637987468282
232,23.200000000000003,0.6649999999999998,-0.43500000000000016,1.5707963267948966,-1.5707963267948966,0.6,0.12075878363087902,0.56,2.9359433382906577,0.12985207547727554,0.1475507051726697,-1.8481964632798809,-1.5707970917934235,1.5820763297241742
233,23.3,0.6599999999999999,-0.44000000000000006,1.5707963267948966,-1.5707963267948966,0.6000000000000001,0.11112903898694658,0.56,2.9254167624929956,0.12309560230957117,0.16227874107703555,-1.8561681533950394,-1.5707970564189446,1.5035170976006864
234,23.400000000000002,0.6549999999999998,-0.4450000000000002,1.5707963267948966,-1.5707963267948966,0.6,0.10149929434301394,0.56,2.915423395068403,0.11606199043685972,0.17763785240143745,-1.8644937455283292,-1.5707970298376903,1.4274413275062288
235,23.5,0.6500000000000001,-0.44999999999999984,1.5707963267948966,-1.5707963267948966,0.6,0.09186954969908148,0.56,2.905916069765109,0.10869057070411077,0.19376453970925236,-1.873249078348152,-1.5707970101409126,1.3534504134147836
236,23.6,0.645,-0.45499999999999996,1.5707963267948966,-1.5707963267948966,0.6,0.08223980505514886,0.56,2.896855524679647,0.1009162728538077,0.21080627226016505,-1.8825165558692962,-1.5707969959912176,1.2812392948172346
237,23.700000000000003,0.6399999999999999,-0.4600000000000001,1.5707963267948966,-1.5707963267948966,0.6000000000000001,0.0726100604112164,0.56,2.888207061476691,0.09266840403677133,0.22892447091079807,-1.892386909736715,-1.5707969864012254,1.21058147034346
238,23.8,0.635,-0.46499999999999997,1.5707963267948966,-1.5707963267948966,0.6,0.06298031576728393,0.56,2.8799375902025792,0.08387018980757573,0.24829591645769092,-1.9029601491454713,-1.570796980585911,1.141322204819581
239,23.900000000000002,0.6300000000000001,-0.46999999999999986,1.5707963267948966,-1.5707963267948966,0.6,0.05335057112335086,0.56,2.8720127129243775,0.0744391621837043,0.2691123952620343,-1.9143455949693406,-1.5707969778530584,1.0733781199128865
240,24.0,0.625,-0.475,1.5707963267948966,-1.5707963267948966,0.6,0.04372082647941839,0.56,2.8643936387154563,0.06428907251817595,0.2915770731551846,-1.9266601669230097,-1.5707969775112411,1.0067416612771123
241,24.1,0.6199999999999999,-0.4800000000000001,1.5707963267948966,-1.5707963267948966,0.6,0.03409108183548577,0.56,2.8570338772155703,0.05333408747308947,0.3158958658521163,-1.9400239503143886,-1.5707969787881,0.9414887764109814
242,24.200000000000003,0.615,-0.485,1.5707963267948966,-1.5707963267948966,0.5999999999999999,0.024461337191553297,0.56,2.849875905145054,0.04149615146964881,0.342261723202234,-1.9545518430791227,-1.5707969807615072,0.8777870076642098
243,24.3,0.6100000000000001,-0.4899999999999999,1.5707963267948966,-1.5707963267948966,0.6,0.014831592547620676,0.56,2.842848373196489,0.028716093346862558,0.37083031258029314,-1.9703403460632707,-1.570796982320679,0.8158993323012
244,24.400000000000002,0.605,-0.495,1.5707963267948966,-1.5707963267948966,0.6,0.005201847903687802,0.56,2.8358648602813417,0.014967965239667525,0.40168789088131907,-1.9874497738822934,-1.5707969821902696,0.7561771673127209
245,24.5,0.5999999999999999,-0.5000000000000001,1.5707963267948966,-1.5707963267948966,0.6,-0.004427896740244824,0.56,2.828825472291205,0.0002742246135061151,0.43481628859664795,-2.0058844206005926,-1.570796979049512,0.699035476437621
246,24.6,0.595,-0.505,1.5707963267948966,-1.5707963267948966,0.6,-0.014057641384177312,0.56,2.821622243834007,-0.015283085893990947,0.4700655705037743,-2.0255763993292573,-1.5707969717553645,0.6449068889272227
247,24.700000000000003,0.5900000000000001,-0.5099999999999999,1.5707963267948966,-1.5707963267948966,0.6,-0.02368738602810977,0.5599999999999999,2.8141480980461426,-0.031560772526957895,0.507147102775272,-2.046380274033368,-1.5707969596152482,0.5941802730514537
248,24.8,0.585,-0.515,1.5707963267948966,-1.5707963267948966,0.6,-0.03331713067204284,0.56,2.8063073292055054,-0.04836593009591908,0.5456553978594529,-2.0680834636561,-1.5707969425919364,0.5471395322990504
249,24.900000000000002,0.5799999999999998,-0.5200000000000001,1.5707963267948966,-1.5707963267948966,0.6,-0.0429468753159753,0.56,2.7980244459338244,-0.06547835974943414,0.5851153291107168,-2.0904310386396197,-1.570796921326419,0.5039220774523143
250,25.0,0.575,-0.525,1.5707963267948966,-1.5707963267948966,0.6,-0.05257661995990792,0.56,2.789248757250524,-0.08267695780296201,0.6250399037733015,-2.113157105686594,-1.57079689695122,0.46450919757765674
251,25.1,0.5700000000000001,-0.5299999999999999,1.5707963267948966,-1.5707963267948966,0.5988722894290919,-0.06207785144331258,0.56,2.7823248655170167,-0.099579866241221,0.6645533338880624,-2.1357677504301287,-1.5707968538202024,0.42938324312101067
252,25.200000000000003,0.565,-0.535,1.5707963267948966,-1.5707963267948966,0.5966269786599141,-0.07142714244360253,0.56,2.777304143175944,-0.11604770482042592,0.7033283542660291,-2.158075056426438,-1.570796810963791,0.39817870245639403
253,25.3,0.5599999999999998,-0.5400000000000001,1.5707963267948966,-1.5707963267948966,0.5913552607658974,-0.07948573862117969,0.56,2.77829900403936,-0.12816688846515908,0.7320497815310524,-2.174677840291922,-1.570796649510756,0.3771702492709491
254,25.400000000000002,0.5549999999999999,-0.545,1.5707963267948966,-1.5707963267948966,0.586083542871881,-0.08754433479875653,0.56,2.7791352510438614,-0.14016081764828583,0.7606379130151956,-2.191272088007624,-1.570796637985118,0.35754916185539415
255,25.5,0.55,-0.5499999999999999,1.5707963267948966,-1.5707963267948966,0.5799196627713511,-0.09478806942802298,0.56,2.7817508490088603,-0.14913613884782032,0.7821421045277519,-2.2038013093634365,-1.5707965449383603,0.3437457332322016
256,25.6,0.5449999999999999,-0.555,1.5707963267948966,-1.5707963267948966,0.5723705199645953,-0.10076656629517579,0.56,2.7873067580335373,-0.15357932321069812,0.7928240073909352,-2.2100405273834856,-1.5707964117188669,0.3376446618310168
257,25.700000000000003,0.5399999999999998,-0.5600000000000002,1.5707963267948966,-1.5707963267948966,0.5648213771578392,-0.10674506316232889,0.56,2.7928652651064234,-0.15794320173750728,0.8033394604463414,-2.2161921140409317,-1.5707964086256676,0.33179628232325176
258,25.8,0.5349999999999999,-0.5650000000000001,1.5707963267948966,-1.5707963267948966,0.5571122057348878,-0.11246828344494955,0.56,2.7987722547828935,-0.161305494198725,0.8114579739034234,-2.2209484451492947,-1.5707963807909882,0.3275934813568691
259,25.900000000000002,0.53,-0.57,1.5707963267948966,-1.5707963267948966,0.5484415303491761,-0.11665771899916946,0.56,2.8067178916179953,-0.15904049526970981,0.8059871882501799,-2.217743264523221,-1.5707962278721261,0.33217264510014577
260,26.0,0.5249999999999999,-0.5750000000000001,1.5707963267948966,-1.5707963267948966,0.5397708549634644,-0.1208471545533893,0.56,2.8146303089505764,-0.15665617081352148,0.8002354603653834,-2.2143758750248304,-1.5707962247632208,0.33697265690595785
261,26.1,0.5199999999999998,-0.5800000000000002,1.5707963267948966,-1.5707963267948966,0.5311001795777528,-0.1250365901076091,0.56,2.8225077141512736,-0.15415375659073383,0.7942066285592339,-2.210849471404906,-1.5707962216479798,0.3419988514235247
262,26.200000000000003,0.5149999999999999,-0.5850000000000001,1.5707963267948966,-1.5707963267948966,0.5223225992674234,-0.12895091157141614,0.56,2.83053707998265,-0.1505063825187707,0.7854333969430958,-2.2057237412313944,-1.57079619080344,0.3489420521681387
263,26.3,0.51,-0.59,1.5707963267948966,-1.5707963267948966,0.5130981482462114,-0.13171523522551487,0.56,2.8392290888325955,-0.14241088222099352,0.7660192474999141,-2.194405593944315,-1.5707960684929048,0.3636089685787984
264,26.400000000000002,0.5049999999999999,-0.5950000000000001,1.5707963267948966,-1.5707963267948966,0.5038736972249994,-0.1344795588796136,0.56,2.8477497828934717,-0.13411574453783698,0.746207797582799,-2.1828893183322053,-1.5707960600973772,0.3791750919442993
265,26.5,0.4999999999999998,-0.6000000000000002,1.5707963267948966,-1.5707963267948966,0.4946492462037872,-0.1372438825337123,0.56,2.856094041496246,-0.12563433774633834,0.7260337860368943,-2.171196750657706,-1.5707960514880748,0.3957003947504794
266,26.6,0.4949999999999999,-0.6050000000000001,1.5707963267948966,-1.5707963267948966,0.48541763053490994,-0.1399784565197451,0.56,2.8642604994006997,-0.11686850656907097,0.7052677927892309,-2.1591966395778397,-1.5707960394033167,0.41347372960442
267,26.700000000000003,0.49,-0.61,1.5707963267948966,-1.5707963267948966,0.4759460710595629,-0.1417167151346564,0.56,2.8722653185141493,-0.10415628445904145,0.6752997638992934,-2.1419413380696475,-1.570795917175871,0.44049140518895546
268,26.8,0.4849999999999999,-0.6150000000000001,1.5707963267948966,-1.5707963267948966,0.46647451158421605,-0.14345497374956767,0.56,2.8799444859461576,-0.09133902263029411,0.6452529708898116,-2.1247118661349527,-1.5707959021728615,0.46964870684597376
269,26.900000000000002,0.47999999999999976,-0.6200000000000002,1.5707963267948966,-1.5707963267948966,0.45700295210886904,-0.14519323236447895,0.56,2.887306578161188,-0.07849590736829923,0.6153078384705817,-2.107609903829203,-1.5707958878035269,0.5010281024063177
270,27.0,0.47499999999999987,-0.6250000000000001,1.5707963267948966,-1.5707963267948966,0.4474767706737224,-0.14655046897054502,0.56,2.8942123700524505,-0.0643354281096273,0.5824708404773874,-2.088933624363454,-1.5707958279730594,0.5385084446490835
271,27.1,0.47,-0.63,1.5707963267948966,-1.5707963267948966,0.43789832797715944,-0.14754315090148779,0.56,2.900631000385993,-0.049137230378746566,0.5474275344746596,-2.0690887454503493,-1.5707957691421304,0.5826097269705436
272,27.200000000000003,0.46499999999999986,-0.6350000000000001,1.5707963267948966,-1.5707963267948966,0.42831988528059706,-0.14853583283243046,0.56,2.90675588501513,-0.03438702898461885,0.5136061151351561,-2.0500175619518344,-1.5707957570815554,0.6297088984609546
273,27.3,0.45999999999999974,-0.6400000000000002,1.5707963267948966,-1.5707963267948966,0.41871230901216416,-0.14908443583773823,0.56,2.912360009615642,-0.01883290803614575,0.478133584637637,-2.03009939315419,-1.5707956930384928,0.6848322339161431
274,27.400000000000002,0.45499999999999985,-0.6450000000000001,1.5707963267948966,-1.5707963267948966,0.4090862726330914,-0.14935165398105502,0.56,2.917646094700611,-0.0033052664414504737,0.44290958961919297,-2.010403177518288,-1.5707956529172213,0.7462570071993911
275,27.5,0.44999999999999996,-0.65,1.5707963267948966,-1.5707963267948966,0.3994602362540183,-0.14961887212437186,0.56,2.9229311754988703,0.011219252494375985,0.41012409579534326,-1.992142182725017,-1.5707956517708994,0.8102504313417747
276,27.6,0.4399999999999997,-0.6449999999999999,1.5707963267948966,-1.5707963267948966,0.3898341998749454,-0.1498860902676887,0.56,2.9260379729861037,-0.005049708389480094,0.44685859184291576,-2.0126025966753867,-1.5707969824625616,0.7475845833779929
277,27.700000000000003,0.4299999999999995,-0.6399999999999998,1.5707963267948966,-1.5707963267948966,0.3802127515808275,-0.14972767814032745,0.56,2.9289193798847006,-0.021009501775539126,0.48308684954704156,-2.0328712579213772,-1.5707969267290776,0.6924678212532194
278,27.8,0.4199999999999997,-0.6349999999999999,1.5707963267948966,-1.5707963267948966,0.37059471228120405,-0.14925301832715088,0.56,2.931544371752196,-0.03670801055655692,0.5189168964526888,-2.0530029587640786,-1.5707968810813997,0.6435290593159199
279,27.900000000000002,0.4099999999999999,-0.63,1.5707963267948966,-1.5707963267948966,0.3609766729815804,-0.14877835851397425,0.56,2.9340658606447416,-0.053057017946469824,0.556447220454159,-2.074184298459788,-1.5707968703505766,0.5974912672224221
280,28.0,0.3999999999999997,-0.6249999999999999,1.5707963267948966,-1.5707963267948966,0.3513853497024345,-0.14797437156217186,0.56,2.936149645134976,-0.06865087862922144,0.5924593940122554,-2.0946028064604207,-1.5707968194179405,0.557435770685453
281,28.1,0.38999999999999946,-0.6199999999999998,1.5707963267948966,-1.5707963267948966,0.34181656619672024,-0.14689253787434464,0.56,2.9378255497338364,-0.08347364681220668,0.6268959558610503,-2.1142167743198192,-1.5707967747663987,0.5224062666454425
282,28.200000000000003,0.3800000000000001,-0.6150000000000001,1.5707963267948966,-1.5707963267948966,0.33224778269100635,-0.14581070418651743,0.56,2.9393005214484345,-0.0984386130910484,0.6618764581763754,-2.13423235955561,-1.5707967603823039,0.4897880939747279
283,28.3,0.37000000000000033,-0.6100000000000002,1.5707963267948966,-1.5707963267948966,0.3227726676738132,-0.1441073225579365,0.56,2.940052126977851,-0.11109060431347909,0.6916263345355196,-2.1513305669804748,-1.5707966834286722,0.4639081059423474
284,28.400000000000002,0.3600000000000001,-0.6050000000000001,1.5707963267948966,-1.5707963267948966,0.31331003916363753,-0.1423210852876511,0.5600000000000002,2.940572795991502,-0.12340518814725807,0.7207455348236416,-2.168135260154024,-1.5707966641798967,0.4402095266781296
285,28.5,0.3500000000000003,-0.6000000000000002,1.5707963267948966,-1.5707963267948966,0.30384741065346127,-0.1405348480173656,0.56,2.9409322515793193,-0.1356493841730811,0.7498651019306767,-2.1850106727354452,-1.5707966533507496,0.4179894741829689
286,28.6,0.3400000000000001,-0.5950000000000001,1.5707963267948966,-1.5707963267948966,0.2944829964888961,-0.13833736106961894,0.56,2.9407678864115048,-0.14628318445488522,0.775296075406877,-2.1998080489520584,-1.5707966062888439,0.3995638754246464
287,28.700000000000003,0.3300000000000003,-0.5900000000000002,1.5707963267948966,-1.5707963267948966,0.2852343813064499,-0.13565499287819266,0.56,2.94006182993301,-0.15506209021022987,0.7963943766515672,-2.212127662435333,-1.5707965563974773,0.3848663992038505
288,28.8,0.32000000000000006,-0.5850000000000001,1.5707963267948966,-1.5707963267948966,0.2759857661240036,-0.1329726246867663,0.56,2.939264628232251,-0.16375731508459843,0.8173874635765297,-2.224425546964455,-1.5707965508866732,0.3708462646086089
289,28.900000000000002,0.3100000000000003,-0.5800000000000002,1.5707963267948966,-1.5707963267948966,0.26677705097649407,-0.13017768453961687,0.56,2.938259592261321,-0.17196625846255187,0.8372973232385982,-2.236126526245414,-1.5707965365197363,0.3580347372308577
290,29.0,0.30000000000000004,-0.5750000000000001,1.5707963267948966,-1.5707963267948966,0.257903595047013,-0.12643686086361894,0.56,2.936193370471736,-0.1768063101901587,0.8490789138480989,-2.2430684233791096,-1.5707964572707105,0.3504192893274023
291,29.1,0.29000000000000026,-0.5700000000000002,1.5707963267948966,-1.5707963267948966,0.2490301391175318,-0.12269603718762093,0.56,2.9340899977101507,-0.1816063936306844,0.8607954173479286,-2.2499848511203404,-1.570796455509731,0.3430060515783319
292,29.200000000000003,0.28,-0.5650000000000001,1.5707963267948966,-1.5707963267948966,0.24018513169052155,-0.1189035909194969,0.56,2.9318757932823667,-0.18619197289993006,0.872018857511984,-2.256622737367407,-1.570796450000846,0.33602417264708334
293,29.3,0.27000000000000024,-0.5600000000000002,1.5707963267948966,-1.5707963267948966,0.23228324770567255,-0.11339975485750017,0.56,2.9271745179624467,-0.18497588387997052,0.8690393174926954,-2.2548598865829668,-1.5707963219577243,0.33712316927465774
294,29.400000000000002,0.26,-0.555,1.5707963267948966,-1.5707963267948966,0.22438136372082323,-0.1078959187955032,0.56,2.92247763262563,-0.1837201453323286,0.865965028109109,-2.2530413401023193,-1.5707963208839255,0.3382891350891771
295,29.5,0.2500000000000002,-0.5500000000000002,1.5707963267948966,-1.5707963267948966,0.21647947973597412,-0.10239208273350639,0.56,2.9177852450420962,-0.18242582782035519,0.8627986543377036,-2.2511692881021905,-1.570796319831377,0.3395213672315904
296,29.6,0.24,-0.545,1.5707963267948966,-1.5707963267948966,0.2085775957511251,-0.09688824667150962,0.56,2.9130973874197625,-0.18109279747693707,0.8595400686865414,-2.249243737092961,-1.570796318767951,0.34082100316645375
297,29.700000000000003,0.2300000000000002,-0.5400000000000001,1.5707963267948966,-1.5707963267948966,0.20212573137803133,-0.0900035131182015,0.56,2.9049388559293536,-0.17507670745293302,0.8448647146416783,-2.2405849682416608,-1.5707962201254762,0.3487895112482155
298,29.8,0.21999999999999997,-0.535,1.5707963267948966,-1.5707963267948966,0.197014102546235,-0.08184243276120792,0.56,2.8935604368823085,-0.1645123507546554,0.8192144602188947,-2.225499569917708,-1.5707961180988037,0.3639687568522081
299,29.900000000000002,0.2100000000000002,-0.5300000000000001,1.5707963267948966,-1.5707963267948966,0.19190247371443903,-0.07368135240421492,0.56,2.8821809207032145,-0.15361050890565325,0.7928986387040482,-2.2100856476346586,-1.5707961031332465,0.3805470724184903
300,30.0,0.19999999999999996,-0.525,1.5707963267948966,-1.5707963267948966,0.1876392779749021,-0.06527093152663269,0.56,2.8688955199977535,-0.14152486286791052,0.7638991539598643,-2.1931719670005427,-1.5707960736293047,0.39999771132311146
301,30.1,0.19500000000000006,-0.5200000000000001,1.5707963267948966,-1.5707963267948966,0.18752268362053856,-0.055641892755089614,0.56,2.8569511827968954,-0.12457863657512705,0.7235281264309643,-2.169747773066584,-1.570795918119289,0.43083259960068676
302,30.200000000000003,0.18999999999999995,-0.515,1.5707963267948966,-1.5707963267948966,0.18740608926617505,-0.04601285398354667,0.56,2.844859146423241,-0.10737557385578968,0.6828727471828969,-2.146295559040472,-1.5707958897701706,0.4652287932731563
303,30.3,0.18500000000000005,-0.5100000000000001,1.5707963267948966,-1.5707963267948966,0.18728949491181152,-0.03638381521200316,0.56,2.8326204396713086,-0.09007164979070817,0.642290719201831,-2.123017551215962,-1.5707958621403315,0.5034301622444224
304,30.400000000000002,0.17999999999999994,-0.505,1.5707963267948966,-1.5707963267948966,0.187172900557448,-0.02675477644046023,0.56,2.8202571971360384,-0.07285036477932484,0.6021940490295061,-2.1001422508746046,-1.5707958363600834,0.545579391250746
305,30.5,0.17500000000000004,-0.5000000000000001,1.5707963267948966,-1.5707963267948966,0.18705630620308447,-0.017125737668917167,0.56,2.8078163141937846,-0.055910498533646304,0.5630200018101428,-2.0779081387367366,-1.5707958136069637,0.5916805316085945
306,30.6,0.16999999999999993,-0.495,1.5707963267948966,-1.5707963267948966,0.18693971184872094,-0.007496698897374303,0.56,2.795369081540605,-0.03944646422416214,0.5251866621995117,-2.0565388829417723,-1.5707957948215445,0.6415841240024841
307,30.700000000000003,0.16500000000000004,-0.4900000000000001,1.5707963267948966,-1.5707963267948966,0.18682311749435732,0.0021323398741690917,0.56,2.7830061081245363,-0.023626828717681632,0.4890460180504685,-2.0362179033595478,-1.5707957804864707,0.6950018645889823
308,30.8,0.15999999999999992,-0.485,1.5707963267948966,-1.5707963267948966,0.1867065231399938,0.011761378645712157,0.56,2.7708284820028575,-0.00857756855476118,0.4548491088919273,-2.0170702645078453,-1.5707957704763382,0.7515500091836306
309,30.900000000000002,0.15500000000000003,-0.4800000000000001,1.5707963267948966,-1.5707963267948966,0.1865899287856303,0.021390417417255107,0.56,2.758937959046439,0.005626096719157745,0.42273104771450126,-1.9991558634804392,-1.5707957641476697,0.8108066787578869
310,31.0,0.1499999999999999,-0.475,1.5707963267948966,-1.5707963267948966,0.18647333443126676,0.031019456188798176,0.56,2.747428739360135,0.018958064821052546,0.3927177811551404,-1.9824745495787006,-1.5707957604915668,0.8723675175236663
311,31.1,0.14500000000000002,-0.4700000000000001,1.5707963267948966,-1.5707963267948966,0.18635674007690328,0.04064849496034108,0.56,2.7363825034990312,0.03143291533980951,0.3647471975108398,-1.966978795960453,-1.5707957583548153,0.9358867374158244
312,31.200000000000003,0.1399999999999999,-0.46499999999999997,1.5707963267948966,-1.5707963267948966,0.18624014572253983,0.0502775337318846,0.56,2.7258668083851463,0.04309458881723171,0.3386956565401848,-1.952588907840595,-1.5707957566054758,1.0011000219665378
313,31.3,0.135,-0.4600000000000001,1.5707963267948966,-1.5707963267948966,0.18612355136817627,0.05990657250342751,0.56,2.715936014204902,0.05400539313629572,0.3144029179463647,-1.939206957044729,-1.5707957542230286,1.0678323056613273
314,31.400000000000002,0.1299999999999999,-0.45499999999999996,1.5707963267948966,-1.5707963267948966,0.1860069570138127,0.06953561127497043,0.56,2.7066336821646724,0.0642371270969833,0.29169176594219937,-1.926727530136991,-1.570795750316231,1.1359960812691512
315,31.5,0.125,-0.45000000000000007,1.5707963267948966,-1.5707963267948966,0.18589036265944917,0.0791646500465135,0.56,2.6979955867737604,0.07386481473185891,0.27038150970653313,-1.915044963376133,-1.5707957440928297,1.205585695276463
316,31.6,0.11999999999999988,-0.44499999999999995,1.5707963267948966,-1.5707963267948966,0.18298527176393778,0.08597122302158275,0.56,2.694463926456728,0.07759450018207523,0.2621415556918376,-1.9105333006246763,-1.5707960955424485,1.2333837970692563
317,31.700000000000003,0.11499999999999999,-0.44000000000000006,1.5707963267948966,-1.5707963267948966,0.17335552712000513,0.08597122302158273,0.56,2.7022613858128643,0.06672554272305531,0.2861786486298758,-1.9236980350168418,-1.5707969572278364,1.1594905634765396
318,31.8,0.10999999999999988,-0.43499999999999994,1.5707963267948966,-1.5707963267948966,0.16372578247607272,0.08597122302158273,0.56,2.710769705038252,0.05505717028470157,0.31206568807091645,-1.9379167011566982,-1.5707969504491441,1.0873956911564338
319,31.900000000000002,0.10499999999999998,-0.43000000000000005,1.5707963267948966,-1.5707963267948966,0.1540960378321401,0.08597122302158275,0.56,2.7199367889552244,0.04250146106066645,0.34001903284226237,-1.9533143268476632,-1.5707969454729511,1.0171918259667363
320,32.0,0.09999999999999987,-0.42499999999999993,1.5707963267948966,-1.5707963267948966,0.14446629318820736,0.08597122302158275,0.56,2.729699038429636,0.028980321740851592,0.37023848108445656,-1.9700126206714776,-1.5707969413915863,0.9490523753021046
321,32.1,0.09499999999999997,-0.42000000000000004,1.5707963267948966,-1.5707963267948966,0.1348365485442743,0.08597122302158273,0.56,2.7399782752119006,0.014442346208783319,0.40287021859844363,-1.988106367828182,-1.5707969368954624,0.8832576379600773
322,32.2,0.08999999999999986,-0.4149999999999999,1.5707963267948966,-1.5707963267948966,0.12520680390034145,0.08597122302158272,0.56,2.750680968671598,-0.0011218010891468101,0.4379719021400149,-2.007643895640062,-1.5707969306062555,0.820177629254903
323,32.300000000000004,0.08499999999999996,-0.41000000000000003,1.5707963267948966,-1.5707963267948966,0.11557705925640893,0.08597122302158273,0.56,2.7617009276044784,-0.017665128845903363,0.47547896678546625,-2.0286076366339474,-1.570796921224374,0.7602353270734401
324,32.4,0.07999999999999985,-0.4049999999999999,1.5707963267948966,-1.5707963267948966,0.1059473146124763,0.08597122302158273,0.56,2.7729260846980246,-0.03507663346649471,0.5151842156396282,-2.0509014026691497,-1.5707969077599075,0.7038504170718192
325,32.5,0.07499999999999996,-0.4,1.5707963267948966,-1.5707963267948966,0.09631756996854313,0.08597122302158273,0.56,2.7842484847746563,-0.05318523225975579,0.5567424673757083,-2.074351098147635,-1.5707968897655484,0.6513735334068517
326,32.6,0.07499999999999996,-0.40500000000000014,1.5707963267948966,-1.5707963267948966,0.0866878253246105,0.08597122302158275,0.56,2.801791545998438,-0.038419644039116206,0.5228347672051081,-2.055213565709476,-1.5707957060549078,0.7017162752200473
327,32.7,0.07499999999999996,-0.41000000000000003,1.5707963267948966,-1.5707963267948966,0.07705808068067799,0.08597122302158273,0.56,2.8188874640340864,-0.02374209790653156,0.48930872991422425,-2.0363651659258877,-1.57079568070414,0.7564598571956234
328,32.800000000000004,0.07499999999999996,-0.41500000000000015,1.5707963267948966,-1.5707963267948966,0.06742833603674536,0.08597122302158273,0.56,2.8356279476108166,-0.009318459593971764,0.45652868095488,-2.0180088315084106,-1.5707956584222933,0.8154408291047321
329,32.9,0.07499999999999996,-0.42000000000000004,1.5707963267948966,-1.5707963267948966,0.057798591392812626,0.08597122302158273,0.56,2.8521158466698155,0.004726016398776549,0.42476202710974237,-2.000286717855487,-1.5707956386060364,0.8784618187621278
330,33.0,0.07499999999999996,-0.42500000000000016,1.5707963267948966,-1.5707963267948966,0.04816884674887956,0.08597122302158273,0.56,2.868459800100587,0.01830457294098473,0.3941860769037584,-1.983289379833898,-1.5707956205757558,0.9453054194862599
331,33.1,0.07499999999999996,-0.43000000000000005,1.5707963267948966,-1.5707963267948966,0.038539102104947154,0.08597122302158273,0.56,2.884768447594299,0.03136929272218364,0.3648896575437875,-1.9670577320252045,-1.5707956033274344,1.0157773537080046
332,33.2,0.07499999999999996,-0.43500000000000016,1.5707963267948966,-1.5707963267948966,0.02890935746101453,0.08597122302158273,0.56,2.901146863516202,0.043906641152542274,0.33688502942269866,-1.9515905056775693,-1.5707955856252562,1.0897434930918604
333,33.300000000000004,0.07499999999999996,-0.44000000000000006,1.5707963267948966,-1.5707963267948966,0.027998457385268183,0.07725237845339669,0.56,2.9042264444753134,0.035459399698488936,0.3557423960309674,-1.9619965098631993,-1.5707967393253701,1.043903109723733
334,33.4,0.07499999999999996,-0.4450000000000002,1.5707963267948966,-1.5707963267948966,0.027998457385268183,0.0676226338094635,0.56,2.906199542426423,0.024049515109874447,0.3812895194662676,-1.9761332997462409,-1.5707968600604956,0.9867012334442785
335,33.5,0.07499999999999996,-0.45000000000000007,1.5707963267948966,-1.5707963267948966,0.027998457385268183,0.05799288916553087,0.56,2.908451015382891,0.011935846205868173,0.40851118158036787,-1.991241280437803,-1.5707968585090075,0.9308779865834534
336,33.6,0.07499999999999996,-0.4550000000000002,1.5707963267948966,-1.5707963267948966,0.027998457385268183,0.0483631445215981,0.56,2.910932052619167,-0.0009012819996065701,0.4374732197697542,-2.0073661794859765,-1.5707968564043333,0.8766251152677729
337,33.7,0.07499999999999996,-0.4600000000000001,1.5707963267948966,-1.5707963267948966,0.027998457385268183,0.03873339987766547,0.56,2.9135865328142434,-0.014460102896760318,0.46819612216521084,-2.0245302542799624,-1.570796853172928,0.82416697341392
338,33.800000000000004,0.07499999999999996,-0.4650000000000002,1.5707963267948966,-1.5707963267948966,0.027998457385268183,0.02910365523373272,0.56,2.916352391148479,-0.028711851256439685,0.5006417561510305,-2.042724140134046,-1.5707968482571804,0.7737476344779481
339,33.9,0.07499999999999996,-0.4700000000000001,1.5707963267948966,-1.5707963267948966,0.027998457385268183,0.01947391058979965,0.56,2.91916437739836,-0.04359826017659037,0.5347064344980119,-2.0619024190150146,-1.5707968412239526,0.7256086032291604
340,34.0,0.07499999999999996,-0.4750000000000002,1.5707963267948966,-1.5707963267948966,0.027998457385268183,0.0098441659458669,0.56,2.9219578510200197,-0.05903277589361905,0.5702220050647807,-2.0819834940857738,-1.570796831834997,0.6799636764349044
341,34.1,0.07499999999999996,-0.4800000000000001,1.5707963267948966,-1.5707963267948966,0.027998457385268183,0.000214421301934137,0.56,2.9246729631214015,-0.07490583674026353,0.6069660278009704,-2.1028544874891906,-1.5707968200931968,0.6369755963951177
342,34.2,0.07499999999999996,-0.4850000000000002,1.5707963267948966,-1.5707963267948966,0.027998457385268183,-0.009415323341998487,0.56,2.927258330413104,-0.0910935125581347,0.6446798095690617,-2.124380635717946,-1.5707968062297812,0.5967397532694251
343,34.300000000000004,0.07499999999999996,-0.4900000000000001,1.5707963267948966,-1.5707963267948966,0.027998457385268183,-0.01904506798593167,0.56,2.9296735077456577,-0.10746752205082727,0.6830901045815738,-2.1464169728023754,-1.5707967906732812,0.5592776832581424
344,34.4,0.07499999999999996,-0.4949999999999998,1.5707963267948966,-1.5707963267948966,0.027998457385268183,-0.02867481262986385,0.56,2.9318898549283365,-0.12390469941216894,0.7219302570314335,-2.1688200066617673,-1.5707967739551116,0.5245410783445723
345,34.5,0.07499999999999996,-0.4999999999999999,1.5707963267948966,-1.5707963267948966,0.027998457385268183,-0.03830455727379661,0.56,2.9338899559181675,-0.14029416903627476,0.7609567762082996,-2.191457119873063,-1.5707967566259515,0.4924234676768582
346,34.6,0.07499999999999996,-0.505,1.5707963267948966,-1.5707963267948966,0.027998457385268183,-0.04793430191772924,0.56,2.9356660268522257,-0.15654157225558415,0.7999596630618756,-2.214212669813244,-1.5707967391894349,0.4627758360820404
347,34.7,0.07499999999999996,-0.5099999999999999,1.5707963267948966,-1.5707963267948966,0.027998457385268183,-0.057564046561661975,0.56,2.9372178310677217,-0.17257054966625635,0.8387667206247956,-2.2369908169709376,-1.5707967220610135,0.43542273889660116
348,34.800000000000004,0.07499999999999996,-0.5149999999999998,1.5707963267948966,-1.5707963267948966,0.027998457385268183,-0.06719379120559477,0.56,2.9385505633196085,-0.18832212867861203,0.877243123853164,-2.259715707340434,-1.5707967055524588,0.4101763572500112
349,34.9,0.07499999999999996,-0.5199999999999999,1.5707963267948966,-1.5707963267948966,0.027998457385268183,-0.07682353584952784,0.56,2.9396729746826287,-0.20375284678703762,0.9152880115315626,-2.282329941071305,-1.5707966898760044,0.3868474364296341
350,35.0,0.07499999999999996,-0.525,1.5707963267948966,-1.5707963267948966,0.027998457385268183,-0.08645328049346059,0.56,2.9405958715887426,-0.2188322936296271,0.9528295930110806,-2.3047921371035267,-1.5707966751591211,0.36525290103456615
351,35.1,0.07000000000000006,-0.525,1.5707963267948966,-1.5707963267948966,0.027998457385268183,-0.09608302513739322,0.56,2.9303496033132723,-0.2505401025057161,1.0330712892756233,-2.353324497301474,-1.570797095913558,0.32293301576435157
352,35.2,0.06500000000000017,-0.525,1.5707963267948966,-1.5707963267948966,0.027998457385268183,-0.10571276978132596,0.56,2.9188410305976875,-0.2802485554748429,1.110099141965293,-2.400644142420048,-1.570797044922807,0.2862544907834483
353,35.300000000000004,0.06000000000000005,-0.525,1.5707963267948966,-1.5707963267948966,0.027998457385268183,-0.11534251442525903,0.56,2.906141230073703,-0.30799932447749767,1.1839846179272213,-2.446779058465425,-1.5707970040618222,0.2540051846891643
354,35.4,0.054999999999999945,-0.525,1.5707963267948966,-1.5707963267948966,0.027998457385268183,-0.12497225906919177,0.56,2.892298622568718,-0.3338719138864549,1.2549022343896465,-2.491824262722252,-1.570796971935614,0.22524362579896975
355,35.5,0.050000000000000044,-0.525,1.5707963267948966,-1.5707963267948966,0.027998457385268183,-0.13460200371312456,0.5600000000000002,2.877340465203427,-0.35795335477317425,1.3230594591555238,-2.5359001968639787,-1.570796947189189,0.19924171961010578
356,35.6,0.04500000000000015,-0.525,1.5707963267948966,-1.5707963267948966,0.027998457385268183,-0.14423174835705718,0.56,2.861275709533096,-0.38032506833729013,1.3886652617618311,-2.579134413643325,-1.5707969286982897,0.17543193240395602
357,35.7,0.040000000000000036,-0.525,1.5707963267948966,-1.5707963267948966,0.02413696438427826,-0.15,0.56,2.8559835672955356,-0.3928242846601488,1.4264791538880166,-2.604449992107738,-1.5707966477211606,0.16284048839720203
358,35.800000000000004,0.03499999999999992,-0.525,1.5707963267948966,-1.5707963267948966,0.01450721974034519,-0.15,0.56,2.8680511239945092,-0.39248478633511386,1.4254393418306854,-2.603750915465386,-1.5707962420642398,0.1653415662471021
359,35.9,0.030000000000000027,-0.525,1.5707963267948966,-1.5707963267948966,0.004877475096412565,-0.15,0.56,2.8801335244633557,-0.3920239288388416,1.4240294434010834,-2.6028018863937374,-1.5707962391849235,0.167960747255496
360,36.0,0.025000000000000133,-0.525,1.5707963267948966,-1.5707963267948966,-0.0047522695475201715,-0.15,0.56,2.892226530884918,-0.3914429436396646,1.4222539255030493,-2.6016073653999943,-1.5707962363829684,0.17069698897634875
361,36.1,0.020000000000000014,-0.525,1.5707963267948966,-1.5707963267948966,-0.014382014191452798,-0.15,0.56,2.9043262899716393,-0.3907415147362961,1.4201131104290379,-2.6001679909413715,-1.5707962336139727,0.17355088354752798
362,36.2,0.014999999999999902,-0.525,1.5707963267948966,-1.5707963267948966,-0.024011758835385977,-0.15,0.56,2.9164289193228674,-0.3899192363265618,1.4176073006291234,-2.598484471274241,-1.5707962308772763,0.17652315459901996
363,36.300000000000004,0.010000000000000009,-0.525,1.5707963267948966,-1.5707963267948966,-0.0336415034793186,-0.15,0.56,2.9285305137194677,-0.38897561453327756,1.4147367786083809,-2.596557582785098,-1.5707962281721206,0.1796146641163727
364,36.4,0.0050000000000001155,-0.525,1.5707963267948966,-1.5707963267948966,-0.03586579251831856,-0.14259454439506722,0.56,2.9228281794623596,-0.3734927400615446,1.3683642685241286,-2.565669363641867,-1.5707960038878517,0.19419226308922255
365,36.5,0.0,-0.525,1.5707963267948966,-1.5707963267948966,-0.03586579251831856,-0.1329647997511345,0.5600000000000002,2.911940584102614,-0.3523441054501534,1.3069736988381302,-2.525427958438316,-1.5707959109246163,0.2143092621032465
366,36.6,-0.0050000000000001155,-0.525,1.5707963267948966,-1.5707963267948966,-0.03586579251831849,-0.12333505510720186,0.56,2.901183341019742,-0.32963925456870263,1.2431478952393509,-2.4843071378292505,-1.570795878887528,0.23709349755558182
367,36.7,-0.010000000000000009,-0.525,1.5707963267948966,-1.5707963267948966,-0.035865792518318465,-0.11370531046326862,0.56,2.890460952615625,-0.3053210364942294,1.1767607800000854,-2.442238393445878,-1.5707958419356192,0.2631364611826447
368,36.800000000000004,-0.014999999999999902,-0.525,1.5707963267948966,-1.5707963267948966,-0.035865792518318534,-0.104075565819336,0.56,2.879664253791137,-0.2793420958690751,1.107717779708314,-2.3991745106072906,-1.5707957990213528,0.29320443797536727
369,36.9,-0.020000000000000014,-0.525,1.5707963267948966,-1.5707963267948966,-0.03586579251831856,-0.09444582117540326,0.56,2.868668599040341,-0.2516845102483072,1.0360018637301613,-2.3551163840341434,-1.5707957490913946,0.3282828613584385
370,37.0,-0.025000000000000133,-0.525,1.5707963267948966,-1.5707963267948966,-0.03586579251831856,-0.08481607653147064,0.56,2.857335821499751,-0.22239331172719273,0.9617493444095827,-2.3101552951500346,-1.5707956913422902,0.36961403050359326
371,37.1,-0.030000000000000027,-0.525,1.5707963267948966,-1.5707963267948966,-0.03586579251831856,-0.07518633188753746,0.56,2.845525867419651,-0.19162921111959744,0.885365451351607,-2.2645357597547098,-1.5707956257508353,0.4186927109147017
372,37.2,-0.03499999999999992,-0.525,1.5707963267948966,-1.5707963267948966,-0.03586579251831856,-0.06555658724360464,0.5599999999999999,2.8331265419278657,-0.15973850542570964,0.8076716550694403,-2.2187329403828793,-1.5707955540320486,0.4771587347775499
373,37.300000000000004,-0.040000000000000036,-0.525,1.5707963267948966,-1.5707963267948966,-0.03586579251831856,-0.05592684259967201,0.56,2.82010969965988,-0.12731306851373128,0.7300198087725545,-2.1735067941523747,-1.5707954805990485,0.5465001852789662
374,37.4,-0.04500000000000015,-0.525,1.5707963267948966,-1.5707963267948966,-0.03586579251831856,-0.046297097955739275,0.56,2.8066029034462314,-0.09517894821433479,0.6542369730979006,-2.1298583021868653,-1.5707954125891388,0.6275713573361341
375,37.5,-0.050000000000000044,-0.525,1.5707963267948966,-1.5707963267948966,-0.03586579251831856,-0.03666735331180665,0.56,2.792931965952547,-0.06425160461691468,0.5822766935214567,-2.0888255206507873,-1.5707953575121782,0.7201537384448048
376,37.6,-0.05499999999999994,-0.5200000000000001,1.5707963267948966,-1.5707963267948966,-0.03586579251831856,-0.02703760866787347,0.56,2.7812605652440303,-0.049292463518713255,0.5477845429790492,-2.0692904700090122,-1.5707958583058486,0.7682570281658345
377,37.7,-0.06000000000000005,-0.515,1.5707963267948966,-1.5707963267948966,-0.03586579251831856,-0.017407864023940844,0.56,2.769783744242448,-0.03477161966691046,0.5144857710607716,-2.0505125725233255,-1.570795845035304,0.8191926642359199
378,37.800000000000004,-0.06500000000000017,-0.5099999999999999,1.5707963267948966,-1.5707963267948966,-0.03586579251831856,-0.007778119380008109,0.56,2.758567869713067,-0.020758634697711966,0.48251511022202187,-2.03255491949857,-1.5707958334580538,0.8727809477713337
379,37.9,-0.07000000000000006,-0.505,1.5707963267948966,-1.5707963267948966,-0.03586579251831856,0.0018516252639246835,0.56,2.7476800714417102,-0.0073016596259356786,0.451957955765869,-2.0154547565644094,-1.570795823367894,0.9288156537964377
380,38.0,-0.07499999999999996,-0.5000000000000001,1.5707963267948966,-1.5707963267948966,-0.03586579251831856,0.011481369907857752,0.56,2.7371843764689316,0.0055758716837604454,0.42284450603567886,-1.9992188506947421,-1.5707958142500744,0.987100523371065
381,38.1,-0.08000000000000007,-0.495,1.5707963267948966,-1.5707963267948966,-0.03586579251831856,0.02111111455179049,0.56,2.727139659303784,0.017872643566915425,0.3951567299612972,-1.9838278579448114,-1.5707958054935012,1.0474685049771895
382,38.2,-0.08500000000000019,-0.4899999999999999,1.5707963267948966,-1.5707963267948966,-0.03586579251831856,0.030740859195723114,0.56,2.7175988072474477,0.029605416723270613,0.3688381856049896,-1.9692420999698796,-1.5707957964338892,1.1097958784757873
383,38.300000000000004,-0.09000000000000008,-0.485,1.5707963267948966,-1.5707963267948966,-0.03586579251831856,0.04037060383965585,0.56,2.7086089615748867,0.040804639065307326,0.3438042498371038,-1.9554074044478078,-1.5707957863813518,1.1740114203291345
384,38.400000000000006,-0.09499999999999997,-0.4800000000000001,1.5707963267948966,-1.5707963267948966,-0.03586579251831856,0.05000034848358892,0.56,2.7002125719890073,0.05151050140442473,0.31995106520276956,-1.9422601076369053,-1.570795774622007,1.2401019854787845
385,38.5,-0.10000000000000009,-0.475,1.5707963267948966,-1.5707963267948966,-0.03586579251831856,0.05963009312752168,0.56,2.6924489804423706,0.0617691920741037,0.2971638412846157,-1.9297316104822955,-1.5707957603896452,1.3081171682846602
386,38.6,-0.1050000000000002,-0.46999999999999986,1.5707963267948966,-1.5707963267948966,-0.03586579251831856,0.06925983777145446,0.56,2.6853564754116426,0.07163139552680195,0.27532004647942937,-1.9177500691616085,-1.5707957428348311,1.3781727145814653
387,38.7,-0.1100000000000001,-0.46499999999999997,1.5707963267948966,-1.5707963267948966,-0.03586579251831856,0.07888958241538709,0.56,2.678974602382869,0.08115013771887938,0.2542940083651823,-1.9062428411904426,-1.5707957209301506,1.4504581899429823
388,38.800000000000004,-0.11499999999999999,-0.4600000000000001,1.5707963267948966,-1.5707963267948966,-0.03841389655605565,0.08597122302158273,0.56,2.675994818924692,0.08545154739207698,0.24481061705513643,-1.9010595945766118,-1.5707960445177536,1.4841039356148358
389,38.900000000000006,-0.1200000000000001,-0.45499999999999996,1.5707963267948966,-1.5707963267948966,-0.04804364119998872,0.08597122302158273,0.56,2.681165475195842,0.0748106596243033,0.26829117968527283,-1.9138956407176897,-1.570796979521134,1.4070354348292986
390,39.0,-0.12500000000000022,-0.44999999999999984,1.5707963267948966,-1.5707963267948966,-0.05767338584392134,0.08597122302158272,0.56,2.687106777551352,0.06370750371652555,0.2928659700214146,-1.927367346703883,-1.5707969557548604,1.3326055603404199
391,39.1,-0.13000000000000012,-0.44499999999999995,1.5707963267948966,-1.5707963267948966,-0.06730313048785397,0.08597122302158273,0.56,2.693767393234259,0.05208004241104212,0.3186843904374934,-1.9415583588580687,-1.570796936470457,1.260632235088777
392,39.2,-0.135,-0.44000000000000006,1.5707963267948966,-1.5707963267948966,-0.07693287513178682,0.08597122302158275,0.56,2.7010963083701456,0.03986792603698128,0.34589516607391063,-1.9565570565387673,-1.5707969206876282,1.190999843812898
393,39.300000000000004,-0.14000000000000012,-0.43499999999999994,1.5707963267948966,-1.5707963267948966,-0.08656261977571988,0.08597122302158275,0.56,2.7090405398568373,0.027020391533650732,0.374629008624575,-1.972443392723483,-1.5707969073083998,1.1236805856011471
394,39.400000000000006,-0.14500000000000024,-0.4299999999999998,1.5707963267948966,-1.5707963267948966,-0.09619236441965262,0.08597122302158273,0.56,2.7175427312676406,0.013500735919715233,0.4049887064416282,-1.9892834567874114,-1.5707968953487959,1.0587243488702525
395,39.5,-0.15000000000000013,-0.42499999999999993,1.5707963267948966,-1.5707963267948966,-0.10582210906358525,0.08597122302158273,0.56,2.7265396922927905,-0.0007080809741057711,0.4370363991834877,-2.0071223520448607,-1.5707968839026176,0.9962468992423815
396,39.6,-0.15500000000000003,-0.42000000000000004,1.5707963267948966,-1.5707963267948966,-0.11545185370751798,0.08597122302158275,0.56,2.73596217006933,-0.015597658857744853,0.470780023624751,-2.0259764192044867,-1.5707968721449717,0.9364137826326789
397,39.7,-0.16000000000000014,-0.4149999999999999,1.5707963267948966,-1.5707963267948966,-0.12508159835145077,0.08597122302158275,0.56,2.7457361066534913,-0.031129613936214353,0.5061619946695701,-2.045826460268227,-1.5707968593694877,0.8794186745324927
398,39.800000000000004,-0.16500000000000026,-0.4099999999999998,1.5707963267948966,-1.5707963267948966,-0.13471134299538384,0.08597122302158273,0.56,2.755785431509426,-0.047233761753785235,0.5430534898488076,-2.0666138399134018,-1.5707968450443541,0.825456769481069
399,39.900000000000006,-0.17000000000000015,-0.4049999999999999,1.5707963267948966,-1.5707963267948966,-0.14434108763931663,0.08597122302158273,0.56,2.7660360437798914,-0.0638102836397911,0.5812573525405014,-2.0882412219727047,-1.5707968288689036,0.774696394445349
400,40.0,-0.17500000000000004,-0.4,1.5707963267948966,-1.5707963267948966,-0.15397083228324926,0.08597122302158273,0.56,2.776420232091911,-0.08073616402986568,0.6205206051126992,-2.110578645047675,-1.5707968108049053,0.7272538380794147
401,40.1,-0.17500000000000004,-0.4099999999999998,1.5707963267948966,-1.5707963267948966,-0.16360057692718194,0.08597122302158275,0.56,2.7933824407530867,-0.05249287322375192,0.5551474009593848,-2.0734547133959627,-1.5707952595025227,0.8241730662165235
402,40.2,-0.17500000000000004,-0.4200000000000005,1.5707963267948966,-1.5707963267948966,-0.173230321571115,0.08597122302158273,0.56,2.8099001920124946,-0.025662331745865196,0.49368493776209554,-2.0388229128456063,-1.5707952188912038,0.9308223249730468
403,40.300000000000004,-0.17500000000000004,-0.43000000000000027,1.5707963267948966,-1.5707963267948966,-0.17608947165445418,0.07920062846098914,0.56,2.814775980637405,-0.017047261184757776,0.4740738011003962,-2.0278241780041077,-1.5707959632384956,0.9665935758386626
404,40.400000000000006,-0.17500000000000004,-0.44000000000000006,1.5707963267948966,-1.5707963267948966,-0.17608947165445415,0.06957088381705652,0.56,2.814696154748746,-0.01604895953027622,0.4718051234372258,-2.026552642984886,-1.5707962875880985,0.9707055346497367
405,40.5,-0.17500000000000004,-0.45000000000000073,1.5707963267948966,-1.5707963267948966,-0.17608947165445418,0.059941139173123784,0.56,2.814617638373408,-0.015055691325003912,0.4695485297962474,-2.025289317281608,-1.5707962876368509,0.974819636009451
406,40.6,-0.17500000000000004,-0.4600000000000005,1.5707963267948966,-1.5707963267948966,-0.1760894716544542,0.050311394529191006,0.56,2.814540277709256,-0.014065632600600073,0.46729998449913673,-2.0240308307536607,-1.570796287602568,0.9789438974312897
407,40.7,-0.17500000000000004,-0.4699999999999994,1.5707963267948966,-1.5707963267948966,-0.17608947165445424,0.040681649885258825,0.56,2.8144640943143497,-0.013078784429508198,0.46505948050936685,-2.022777174979245,-1.5707962875683912,0.983078258402314
408,40.800000000000004,-0.17500000000000004,-0.4800000000000001,1.5707963267948966,-1.5707963267948966,-0.17608947165445427,0.03105190524132563,0.56,2.814389109536899,-0.012095148567871836,0.46282701240024315,-2.0215283427755346,-1.5707962875343489,0.9872226585103626
409,40.900000000000006,-0.17500000000000004,-0.4899999999999999,1.5707963267948966,-1.5707963267948966,-0.1760894716544542,0.021422160597393006,0.56,2.8143153446122944,-0.011114725975523517,0.460602573009784,-2.0202843260208105,-1.5707962875004622,0.9913770376555502
410,41.0,-0.17500000000000004,-0.49999999999999967,1.5707963267948966,-1.5707963267948966,-0.17608947165445424,0.011792415953460256,0.56,2.814242820627601,-0.010137517049905944,0.4583861539738157,-2.019045115953467,-1.57079628746663,0.995541336505464
411,41.1,-0.17500000000000004,-0.5099999999999995,1.5707963267948966,-1.5707963267948966,-0.17608947165445427,0.00216267130952763,0.56,2.8141715585272964,-0.009163521578468843,0.45617774561876784,-2.017810703112528,-1.5707962874329062,0.9997154964237951
412,41.2,-0.17500000000000004,-0.5200000000000001,1.5707963267948966,-1.5707963267948966,-0.17608947165445424,-0.007467073334405577,0.56,2.8141015790744945,-0.008192739017560211,0.45397733759589515,-2.0165810776930395,-1.570796287399278,1.0038994599882831
413,41.300000000000004,-0.17500000000000004,-0.5299999999999999,1.5707963267948966,-1.5707963267948966,-0.1760894716544542,-0.017096817978338313,0.56,2.814032902881984,-0.007225168270450103,0.4517849183784264,-2.0153562292649885,-1.5707962873656751,1.0080931705958367
414,41.400000000000006,-0.17500000000000004,-0.5399999999999997,1.5707963267948966,-1.5707963267948966,-0.1760894716544542,-0.02672656262227094,0.56,2.8139655504022043,-0.0062608077600538005,0.4496004754275123,-2.014136146866708,-1.570796287332138,1.0122965726047937
415,41.5,-0.17500000000000004,-0.5499999999999995,1.5707963267948966,-1.5707963267948966,-0.1760894716544542,-0.0363563072662037,0.56,2.813899541993481,-0.005299654919902843,0.4474239940406284,-2.012920818362188,-1.5707962872986192,1.016509610447666
416,41.6,-0.17500000000000004,-0.5600000000000002,1.5707963267948966,-1.5707963267948966,-0.1760894716544542,-0.04598605191013633,0.56,2.81383489773469,-0.004341707611164482,0.44525546056203014,-2.0117102322345635,-1.5707962872651031,1.0207322311473739
417,41.7,-0.17500000000000004,-0.57,1.5707963267948966,-1.5707963267948966,-0.1760894716544542,-0.055615796554069064,0.56,2.8137716376618194,-0.0033869623140737807,0.44309485828757406,-2.0105043752995644,-1.5707962872316164,1.0249643811307447
418,41.800000000000004,-0.17500000000000004,-0.5799999999999997,1.5707963267948966,-1.5707963267948966,-0.1760894716544542,-0.06524554119800169,0.56,2.813709781550297,-0.0024354158174224897,0.44094217129092794,-2.009303234842095,-1.5707962871980996,1.0292060092049644
419,41.900000000000006,-0.17500000000000004,-0.5899999999999995,1.5707963267948966,-1.5707963267948966,-0.1760894716544542,-0.07487528584193537,0.56,2.8136493491133434,-0.001487063663101253,0.438797380903913,-2.008106796652188,-1.5707962871645458,1.0334570638518854
420,42.0,-0.17500000000000004,-0.6000000000000002,1.5707963267948966,-1.5707963267948966,-0.1760894716544542,-0.08450503048586813,0.56,2.8135903598563794,-0.0005419012993870482,0.4366604683274001,-2.0069150464824776,-1.57079628713094,1.0377174952451602
421,42.1,-0.17500000000000004,-0.61,1.5707963267948966,-1.5707963267948966,-0.17608947165445427,-0.09413477512980076,0.56,2.8135328330756235,0.00040007587456498847,0.4345314147313399,-2.005727970103854,-1.5707962870972918,1.0419872553121605
422,42.2,-0.17500000000000004,-0.6199999999999998,1.5707963267948966,-1.5707963267948966,-0.17608947165445424,-0.1037645197737335,0.56,2.813476787973882,0.0013388734549172603,0.4324101991161845,-2.0045455521130076,-1.5707962870635377,1.046266296123312
423,42.300000000000004,-0.17500000000000004,-0.6299999999999996,1.5707963267948966,-1.5707963267948966,-0.1760894716544542,-0.11339426441766612,0.56,2.8134222435728296,0.0022744973080210517,0.4302967999534051,-2.003367776847786,-1.5707962870297087,1.0505545711420747
424,42.400000000000006,-0.17500000000000004,-0.6400000000000002,1.5707963267948966,-1.5707963267948966,-0.1760894716544542,-0.12302400906159885,0.56,2.813369218739871,0.0032069537829544524,0.42819119470562783,-2.002194628119995,-1.5707962869957537,1.054852034865943
425,42.5,-0.17500000000000004,-0.65,1.5707963267948966,-1.5707963267948966,-0.1760894716544542,-0.13265375370553148,0.56,2.8133177321705727,0.004136249548061589,0.42609336019633903,-2.0010260894215177,-1.5707962869616985,1.0591586431047317
426,42.6,-0.17999999999999994,-0.6450000000000001,1.5707963267948966,-1.5707963267948966,-0.1760894716544542,-0.14228349834946427,0.56,2.8057507484803828,-0.038309253909523326,0.5225830671064773,-2.055064186732379,-1.5707978969036958,0.903815231543541
427,42.7,-0.18499999999999983,-0.6400000000000002,1.5707963267948966,-1.5707963267948966,-0.17800271464785122,-0.14999999999999997,0.56,2.8018766389638965,-0.07811129296758604,0.6144146310628602,-2.1070946769218826,-1.5707976103988612,0.7845515755673425
428,42.800000000000004,-0.19000000000000017,-0.6349999999999999,1.5707963267948966,-1.5707963267948966,-0.18763245929178474,-0.15,0.56,2.812348142410027,-0.09423883043751154,0.6520370985401779,-2.128592641093782,-1.5707967674054808,0.7408323934483716
429,42.900000000000006,-0.19500000000000006,-0.63,1.5707963267948966,-1.5707963267948966,-0.19726220393571697,-0.15,0.56,2.822909004396224,-0.11045085029052347,0.6901180058058449,-2.1504615880849403,-1.5707967485194785,0.7001421714179156
430,43.0,-0.19999999999999996,-0.6250000000000001,1.5707963267948966,-1.5707963267948966,-0.2068919485796496,-0.15,0.56,2.8335274696279,-0.12664559103633194,0.728435469011498,-2.1725843741713673,-1.570796729147613,0.6624035615782213
431,43.1,-0.20499999999999985,-0.6200000000000002,1.5707963267948966,-1.5707963267948966,-0.21652169322358178,-0.15,0.56,2.8441814924288686,-0.14272355316929078,0.7667681664840776,-2.194839176524355,-1.5707967094321589,0.6275101917595588
432,43.2,-0.2100000000000002,-0.6149999999999999,1.5707963267948966,-1.5707963267948966,-0.22615143786751404,-0.15000000000000002,0.56,2.8548584102810786,-0.15859715057886442,0.8049175578288725,-2.2171150393866794,-1.570796689700823,0.59532022531472
433,43.300000000000004,-0.21500000000000008,-0.61,1.5707963267948966,-1.5707963267948966,-0.23578118251144664,-0.15,0.56,2.865553611872849,-0.17419279163228088,0.8427132927815529,-2.2393152027532617,-1.5707966702409701,0.5656676067073919
434,43.400000000000006,-0.21999999999999997,-0.6050000000000001,1.5707963267948966,-1.5707963267948966,-0.23995372155804082,-0.1445427944026619,0.56,2.863701391661409,-0.17283748017247724,0.8394154390844111,-2.237374427984148,-1.5707963014632806,0.5681541095642093
435,43.5,-0.22499999999999987,-0.6000000000000002,1.5707963267948966,-1.5707963267948966,-0.2399537215580408,-0.13491304975872928,0.56,2.8521311175376174,-0.15873267124179116,0.8052439649423446,-2.217309140150758,-1.5707960116764972,0.596780344521883
436,43.6,-0.2300000000000002,-0.5949999999999999,1.5707963267948966,-1.5707963267948966,-0.24799385817101532,-0.12963044402987262,0.56,2.858524503730729,-0.15762089268876656,0.8025618378436945,-2.21573739147075,-1.5707962645732043,0.5999432687507974
437,43.7,-0.2350000000000001,-0.59,1.5707963267948966,-1.5707963267948966,-0.25605153590804636,-0.12435732243128231,0.56,2.864943675827014,-0.15647752895392625,0.7998048575845488,-2.2141237785413233,-1.5707962635687716,0.603187426673971
438,43.800000000000004,-0.24,-0.5850000000000001,1.5707963267948966,-1.5707963267948966,-0.26410921364507667,-0.11908420083269247,0.56,2.8713487029503417,-0.15527128444714178,0.7968980513853067,-2.212423223874334,-1.5707962619207931,0.606577010989869
439,43.900000000000006,-0.24499999999999988,-0.5800000000000002,1.5707963267948966,-1.5707963267948966,-0.27216689138210703,-0.11381107923410264,0.56,2.8777389571545746,-0.15400235304069745,0.7938421652117568,-2.2106362761549456,-1.5707962602693002,0.6101137516250692
440,44.0,-0.2500000000000002,-0.5749999999999998,1.5707963267948966,-1.5707963267948966,-0.28022456911913735,-0.10853795763551277,0.56,2.88411381357133,-0.1526709501593066,0.7906380068642693,-2.208763527759116,-1.5707962586140434,0.6137994576242618
441,44.1,-0.2550000000000001,-0.57,1.5707963267948966,-1.5707963267948966,-0.28828224685616766,-0.10326483603692295,0.56,2.8904726502069025,-0.1512773088797971,0.7872864366088757,-2.2068056058769554,-1.5707962569546359,0.6176360334040384
442,44.2,-0.26,-0.5650000000000001,1.5707963267948966,-1.5707963267948966,-0.296339924593198,-0.09799171443833311,0.56,2.8968148492411885,-0.14982168059591977,0.7837883681099205,-2.204763172779888,-1.5707962552906718,0.621625474973974
443,44.300000000000004,-0.2649999999999999,-0.5600000000000002,1.5707963267948966,-1.5707963267948966,-0.3043976023302282,-0.09271859283974332,0.56,2.903139796346444,-0.1483043399683585,0.7801447796205087,-2.2026369320608215,-1.5707962536217341,0.6257698826890912
444,44.400000000000006,-0.27000000000000024,-0.5549999999999998,1.5707963267948966,-1.5707963267948966,-0.31245528006725853,-0.08744547124115347,0.56,2.90944688752799,-0.14672557419882382,0.7763566875095129,-2.200427612888331,-1.5707962519475893,0.6300714120063061
445,44.5,-0.27500000000000013,-0.5499999999999999,1.5707963267948966,-1.5707963267948966,-0.3205129578042889,-0.08217234964256363,0.56,2.9157355213075387,-0.14508570326049947,0.7724251940589235,-2.1981359975709656,-1.5707962502677724,0.6345323455493416
446,44.6,-0.28,-0.545,1.5707963267948966,-1.5707963267948966,-0.32857063554131993,-0.0768992280439733,0.56,2.922005106103539,-0.14338506842516055,0.7683514591248598,-2.1957629046937126,-1.570796248581988,0.6391550399219302
447,44.7,-0.2849999999999999,-0.5400000000000001,1.5707963267948966,-1.5707963267948966,-0.33662831327835024,-0.0716261064453835,0.56,2.9282550593515673,-0.14162403824023534,0.7641367136423507,-2.1933091966444755,-1.5707962468899552,0.6439419408345475
448,44.800000000000004,-0.29000000000000026,-0.5349999999999998,1.5707963267948966,-1.5707963267948966,-0.34468599101538056,-0.06635298484679372,0.56,2.934484809126598,-0.13980300939081725,0.759782260825561,-2.1907757799524608,-1.5707962451913786,0.648895577755692
449,44.900000000000006,-0.29500000000000015,-0.5299999999999999,1.5707963267948966,-1.5707963267948966,-0.35274366875241087,-0.061079863248203844,0.56,2.940693793770657,-0.13792241223083287,0.7552894884897163,-2.1881636120784815,-1.5707962434858729,0.6540185756161869
450,45.0,-0.30000000000000004,-0.525,1.5707963267948966,-1.5707963267948966,-0.3608013464894411,-0.05580674164961401,0.56,2.946881467669275,-0.135982702457093,0.7506598482356381,-2.185473688927399,-1.5707962417735104,0.659313614557352
451,45.1,-0.30999999999999983,-0.525,1.5707963267948966,-1.5707963267948966,-0.36885902422647143,-0.050533620051024165,0.56,2.940527652522376,-0.12042732386970935,0.7136882714431838,-2.164059068429309,-1.5707959099840876,0.6979682525568383
452,45.2,-0.3200000000000005,-0.525,1.5707963267948966,-1.5707963267948966,-0.3769167019635017,-0.04526049845243438,0.56,2.9341707562959964,-0.10498474336879471,0.6772476740840062,-2.1430610962004035,-1.570795895819292,0.7391799390935594
453,45.300000000000004,-0.3300000000000003,-0.525,1.5707963267948966,-1.5707963267948966,-0.38497437970053205,-0.03998737685384453,0.56,2.927848251255707,-0.0897406773737686,0.6415176296077484,-2.122575157105268,-1.570795882579889,0.7829275270706523
454,45.400000000000006,-0.3400000000000001,-0.525,1.5707963267948966,-1.5707963267948966,-0.3930320574375623,-0.03471425525525469,0.56,2.9216038418393375,-0.07477305811323508,0.6066570361917224,-2.1026822171152086,-1.570795870305051,0.8291564400934812
455,45.5,-0.34999999999999987,-0.525,1.5707963267948966,-1.5707963267948966,-0.4010897351745934,-0.029441133656664353,0.56,2.91548608282049,-0.06015018388507011,0.5728006063332144,-2.0834486905778267,-1.5707958590217628,0.8777778335533886
456,45.6,-0.36000000000000054,-0.525,1.5707963267948966,-1.5707963267948966,-0.40914741291162376,-0.024168012058074534,0.56,2.909546247330783,-0.04592721468677921,0.5400518121510018,-2.0649228902816295,-1.5707958486355662,0.9286791250730497
457,45.7,-0.37000000000000033,-0.525,1.5707963267948966,-1.5707963267948966,-0.4172050906486541,-0.018894890459484705,0.56,2.903836175904037,-0.03214397430709889,0.5084788830821325,-2.0471332229997805,-1.5707958389417964,0.981736830144445
458,45.800000000000004,-0.3800000000000001,-0.525,1.5707963267948966,-1.5707963267948966,-0.42526276838568433,-0.013621768860894888,0.56,2.8984063999694833,-0.01882438286275063,0.4781144580784787,-2.030088409084726,-1.5707958296312718,1.0368302815466834
459,45.900000000000006,-0.3899999999999999,-0.525,1.5707963267948966,-1.5707963267948966,-0.4333204461227147,-0.008348647262305053,0.56,2.893304857915279,-0.005976806578855488,0.44895715881056325,-2.0137787057517085,-1.5707958203256858,1.0938535762698083
460,46.0,-0.4000000000000006,-0.525,1.5707963267948966,-1.5707963267948966,-0.441378123859745,-0.0030755256637152095,0.56,2.8885761499305476,0.0064039848835639466,0.4209766056578105,-1.9981789657185904,-1.5707958105717725,1.1527269107730986
461,46.1,-0.41000000000000036,-0.525,1.5707963267948966,-1.5707963267948966,-0.44943580159677526,0.0021975959348745746,0.56,2.884261501457279,0.018334789149143577,0.39411836534949324,-1.98325155547977,-1.5707957998675077,1.213404842850072
462,46.2,-0.42000000000000015,-0.525,1.5707963267948966,-1.5707963267948966,-0.4574934793338056,0.007470717533464416,0.56,2.8803992422851064,0.029841380983054423,0.3683099710536997,-1.9689497852798783,-1.570795787652053,1.2758835219943283
463,46.300000000000004,-0.42999999999999994,-0.525,1.5707963267948966,-1.5707963267948966,-0.4655511570708359,0.012743839132054235,0.56,2.8770258142167155,0.040957048425896966,0.34346426238242844,-1.9552197852878925,-1.5707957733036093,1.3402055979284806
464,46.400000000000006,-0.4400000000000006,-0.525,1.5707963267948966,-1.5707963267948966,-0.473608834807867,0.018016960730644578,0.56,2.874177075959482,0.05172033934049687,0.319484400837068,-1.942003267772107,-1.5707957560895596,1.406467078324487
465,46.5,-0.4500000000000004,-0.525,1.5707963267948966,-1.5707963267948966,-0.48166651254489734,0.023290082329234407,0.56,2.8718900381053585,0.062174215021725765,0.2962656723339499,-1.92923848343486,-1.5707957351231003,1.4748243562699261
466,46.6,-0.4600000000000002,-0.525,1.5707963267948966,-1.5707963267948966,-0.48972419028192765,0.02856320392782426,0.56,2.8702049967860255,0.07236543289680125,0.27369676511818625,-1.9168608824019844,-1.5707957092690399,1.5455049235431633
467,46.7,-0.47,-0.525,1.5707963267948966,-1.5707963267948966,-0.49778186801895785,0.033836325526414045,0.56,2.8691682694217717,0.08234464951426601,0.2516594560810476,-1.9048029041025585,-1.5707956770023872,1.6188234264814858
468,46.800000000000004,-0.48000000000000065,-0.525,1.5707963267948966,-1.5707963267948966,-0.5058395457559882,0.03910944712500389,0.56,2.8688358736922344,0.09216748626886863,0.23002620539751584,-1.8929926385809435,-1.5707956361729987,1.6952065177155993
469,46.900000000000006,-0.48999999999999955,-0.525,1.5707963267948966,-1.5707963267948966,-0.5138972234930185,0.0443825687235937,0.56,2.8692787989029123,0.10189646118057707,0.20865590982427049,-1.881351513230933,-1.5707955835925063,1.7752329195450018
470,47.0,-0.49999999999999933,-0.525,1.5707963267948966,-1.5707963267948966,-0.5219549012300487,0.04965569032218352,0.56,2.870591139975323,0.1116038210504621,0.18738777143787366,-1.8697909967735666,-1.5707955142652978,1.8597002703004213
471,47.1,-0.51,-0.525,1.5707963267948966,-1.5707963267948966,-0.5300125789670791,0.05492881192077337,0.56,2.872903576165328,0.12137880935353186,0.16602560020725982,-1.8582041759329155,-1.5707954198569811,1.9497393966292698
472,47.2,-0.5199999999999998,-0.525,1.5707963267948966,-1.5707963267948966,-0.5356793207433308,0.055768093907380425,0.56,2.8662977966337095,0.12272283087011704,0.16309216734061158,-1.8566118050590117,-1.570796228581346,1.9624966104909807
473,47.300000000000004,-0.5299999999999996,-0.525,1.5707963267948966,-1.5707963267948966,-0.5357006811360996,0.04613837295394829,0.56,2.838534091142148,0.10235853856809117,0.20764139823821728,-1.8807903809129976,-1.570797988444741,1.7974729190078016
474,47.400000000000006,-0.5400000000000003,-0.525,1.5707963267948966,-1.5707963267948966,-0.5357220415288684,0.03650865200051641,0.56,2.8132030619864192,0.0821766034574871,0.2520295277874446,-1.9049975019235732,-1.5707977425918564,1.6519764593823425
475,47.5,-0.55,-0.525,1.5707963267948966,-1.5707963267948966,-0.5357434019216372,0.02687893104708428,0.56,2.789544568779264,0.061773344627463415,0.2971544912442046,-1.9297197826329453,-1.570797586987207,1.5206098106905592
476,47.6,-0.55,-0.5299999999999999,1.5707963267948966,-1.5707963267948966,-0.5357647623144058,0.0172492100936524,0.56,2.7873560582953347,0.05171989702880562,0.3194853172128581,-1.9419995007350026,-1.5707968755931516,1.4593396729914614
477,47.7,-0.55,-0.5349999999999998,1.5707963267948966,-1.5707963267948966,-0.5357861227071746,0.007619489140220268,0.56,2.7855502816994036,0.0414178613826102,0.3424360410899086,-1.954648249960782,-1.5707968574783815,1.3999664527791345
478,47.800000000000004,-0.55,-0.5399999999999997,1.5707963267948966,-1.5707963267948966,-0.5358074830999433,-0.0020102318132125176,0.56,2.784094797988018,0.03083564422523941,0.36608425897732755,-1.9677142999174797,-1.5707968423203373,1.3423410492845826
479,47.900000000000006,-0.55,-0.545,1.5707963267948966,-1.5707963267948966,-0.5358288434927122,-0.011639952766644417,0.56,2.7829593223646993,0.019948625498323883,0.39049322716871737,-1.9812362899482288,-1.5707968293147865,1.2863764070060517
480,48.0,-0.55,-0.5499999999999999,1.5707963267948966,-1.5707963267948966,-0.5358502038854809,-0.021269673720076543,0.56,2.7821139492855687,0.008736901035643755,0.41571697411737274,-1.995248346335786,-1.5707968179611742,1.2320209358726364
481,48.1,-0.55,-0.5549999999999998,1.5707963267948966,-1.5707963267948966,-0.5358715642782497,-0.030899394673508444,0.56,2.7815283865240783,-0.00281393871229269,0.44179852387056934,-2.009779085288191,-1.5707968078388996,1.1792530857570693
482,48.2,-0.55,-0.5600000000000002,1.5707963267948966,-1.5707963267948966,-0.5358929246710185,-0.04052911562694057,0.56,2.7811714388122475,-0.014711868077627326,0.46876770388002537,-2.0248503614266435,-1.5707967985859488,1.1280763005146222
483,48.300000000000004,-0.55,-0.5650000000000001,1.5707963267948966,-1.5707963267948966,-0.5359142850637872,-0.05015883658037247,0.56,2.7810107393396146,-0.026957520067395806,0.49663896178350475,-2.040475990716841,-1.5707967898899977,1.0785139938456276
484,48.400000000000006,-0.55,-0.57,1.5707963267948966,-1.5707963267948966,-0.535935645456556,-0.059788557533804604,0.56,2.7810127446641593,-0.039543381599864785,0.5254093296568246,-2.056660519498899,-1.5707967814834667,1.0306041438302986
485,48.5,-0.55,-0.5749999999999998,1.5707963267948966,-1.5707963267948966,-0.5359570058493248,-0.0694182784872365,0.56,2.7811429868538866,-0.05245331731646752,0.5550570467521655,-2.073398323409337,-1.5707967731437078,0.9843935523725186
486,48.6,-0.55,-0.5799999999999997,1.5707963267948966,-1.5707963267948966,-0.5359783662420935,-0.07904799944066863,0.56,2.7813665694505696,-0.06566250544486789,0.5855410391203004,-2.0906731511216785,-1.5707967646954621,0.9399317900379055
487,48.7,-0.55,-0.5850000000000001,1.5707963267948966,-1.5707963267948966,-0.5359997266348623,-0.08867772039410139,0.56,2.7816488578338245,-0.07913790875037423,0.6168015588845202,-2.1084582926478768,-1.570796756013743,0.8972651743680066
488,48.800000000000004,-0.55,-0.59,1.5707963267948966,-1.5707963267948966,-0.536021087027631,-0.09830744134753328,0.5599999999999999,2.7819562861156113,-0.09283931414036273,0.6487620969028165,-2.126717452378646,-1.5707967470254163,0.8564312389114656
489,48.900000000000006,-0.55,-0.5949999999999999,1.5707963267948966,-1.5707963267948966,-0.5360424474203997,-0.10793716230096542,0.56,2.7822571883561915,-0.10672086199153491,0.6813324334069976,-2.1454062703884738,-1.5707967377083365,0.8174541227944249
490,49.0,-0.55,-0.6000000000000002,1.5707963267948966,-1.5707963267948966,-0.5360638078131685,-0.11756688325439732,0.56,2.782522544013328,-0.12073296054737083,0.7144126354408946,-2.164474405494848,-1.5707967280829944,0.7803413874622916
491,49.1,-0.55,-0.6050000000000001,1.5707963267948966,-1.5707963267948966,-0.5360851682059373,-0.12719660420782944,0.56,2.782726576314936,-0.13482430285533928,0.7478973870336258,-2.183867848507181,-1.5707967182101643,0.7450822475285123
492,49.2,-0.55,-0.61,1.5707963267948966,-1.5707963267948966,-0.536106528598706,-0.13682632516126134,0.56,2.7828471219690987,-0.14894387432741787,0.7816804229113085,-2.2035313484276116,-1.570796708175922,0.7116475078358077
493,49.300000000000004,-0.55,-0.6149999999999999,1.5707963267948966,-1.5707963267948966,-0.5361278889914748,-0.14645604611469348,0.56,2.7828657699748254,-0.16304270420358202,0.8156585011779947,-2.2234106337119197,-1.5707966980819084,0.6799908435811552
494,49.400000000000006,-0.55,-0.6199999999999998,1.5707963267948966,-1.5707963267948966,-0.5422215321364023,-0.14999999999999997,0.56,2.7957195205865943,-0.1593423637059625,0.8067159137457764,-2.2181702723350756,-1.5707961627251938,0.6899481999106387
495,49.5,-0.55,-0.6250000000000001,1.5707963267948966,-1.5707963267948966,-0.551851276780335,-0.15,0.56,2.815564598841418,-0.14504077267858592,0.7723173238194238,-2.19807444786595,-1.570795833530403,0.7269449262257194
496,49.6,-0.55,-0.63,1.5707963267948966,-1.5707963267948966,-0.561481021424268,-0.15,0.56,2.8348994738539655,-0.13021791234716137,0.7369261903768817,-2.1775062754088825,-1.5707958099312,0.7673242521791909
497,49.7,-0.55,-0.6349999999999999,1.5707963267948966,-1.5707963267948966,-0.5711107660682002,-0.15,0.56,2.853745291886091,-0.11496137589809748,0.7007609879673518,-2.156597709722579,-1.5707957859039257,0.811287817676931
498,49.800000000000004,-0.55,-0.6400000000000002,1.5707963267948966,-1.5707963267948966,-0.5807405107121328,-0.15,0.56,2.8721367404318388,-0.09936712667721259,0.6640535526592779,-2.1354846230484426,-1.5707957615174932,0.8590154782594541
499,49.900000000000006,-0.55,-0.6450000000000001,1.5707963267948966,-1.5707963267948966,-0.5903702553560651,-0.15,0.56,2.8901228112792174,-0.08353715699134336,0.6270433352784287,-2.1143044734696663,-1.570795736855203,0.9106542302516626
500,50.0,-0.55,-0.65,1.5707963267948966,-1.5707963267948966,-0.5999999999999978,-0.15,0.56,2.907766615867863,-0.06757388398815813,0.5899645922773314,-2.093189100328997,-1.5707957119117233,0.9663165267708957
